Agency Name,Metro Area,15-May,14-May,13-May,12-May,11-May,10-May,9-May,8-May,7-May,6-May,5-May,4-May,3-May,2-May,1-May,30-Apr,29-Apr,28-Apr,27-Apr,26-Apr,25-Apr,24-Apr,23-Apr,22-Apr,21-Apr,20-Apr,19-Apr,18-Apr,17-Apr,16-Apr,15-Apr,14-Apr,13-Apr,12-Apr,11-Apr,10-Apr,9-Apr,8-Apr,7-Apr,6-Apr,5-Apr,4-Apr,3-Apr,2-Apr,1-Apr,31-Mar,30-Mar,29-Mar,28-Mar,27-Mar,26-Mar,25-Mar,24-Mar,23-Mar,22-Mar,21-Mar,20-Mar,19-Mar,18-Mar,17-Mar,16-Mar,15-Mar,14-Mar,13-Mar,12-Mar,11-Mar,10-Mar,9-Mar,8-Mar,7-Mar,6-Mar,5-Mar,4-Mar,3-Mar,2-Mar,1-Mar,29-Feb,28-Feb,27-Feb,26-Feb,25-Feb,24-Feb,23-Feb,22-Feb,21-Feb,20-Feb,19-Feb,18-Feb,17-Feb,16-Feb,15-Feb
All Cities,,-73%,-74%,-74%,-74%,-72%,-70%,-74%,-76%,-75%,-75%,-75%,-73%,-70%,-73%,-76%,-77%,-75%,-75%,-74%,-73%,-74%,-76%,-76%,-76%,-76%,-73%,-73%,-75%,-75%,-77%,-77%,-76%,-76%,-74%,-74%,-76%,-77%,-76%,-76%,-74%,-72%,-74%,-75%,-75%,-74%,-74%,-71%,-70%,-73%,-73%,-74%,-74%,-70%,-71%,-64%,-64%,-65%,-63%,-60%,-56%,-46%,-31%,-30%,-26%,-17%,-11%,-10%,-2%,-5%,-3%,-4%,-3%,-1%,-2%,1%,1%,0%,1%,-1%,3%,0%,10%,1%,0%,-5%,-5%,0%,-1%,-12%,2%,-3%
Adelaide Metro,"Adelaide, AUSouth Australia",-62%,-60%,-60%,-58%,-58%,-56%,-65%,-65%,-65%,-66%,-67%,-67%,-67%,-72%,-73%,-73%,-67%,-71%,-67%,-68%,-75%,-76%,-78%,-77%,-75%,-74%,-73%,-76%,-76%,-73%,-77%,-76%,-76%,-83%,-80%,-77%,-81%,-76%,-81%,-75%,-76%,-77%,-77%,-74%,-74%,-77%,-74%,-69%,-74%,-72%,-70%,-69%,-66%,-60%,-46%,-38%,-39%,-39%,-34%,-32%,-11%,1%,-25%,-17%,-10%,-11%,-10%,-23%,-39%,-17%,-16%,-7%,-10%,-1%,5%,13%,-14%,-7%,-13%,-9%,-6%,-5%,-1%,-10%,-2%,3%,0%,3%,-3%,-1%,-11%
CDTA,"Albany, USNew York",-77%,-71%,-71%,-71%,-76%,-78%,-82%,-81%,-81%,-79%,-76%,-77%,-76%,-82%,-84%,-86%,-84%,-79%,-84%,-83%,-80%,-86%,-82%,-84%,-82%,-78%,-80%,-84%,-80%,-80%,-84%,-80%,-84%,-83%,-80%,-82%,-87%,-85%,-81%,-79%,-85%,-84%,-83%,-83%,-84%,-81%,-80%,-82%,-80%,-74%,-81%,-79%,-76%,-75%,-73%,-70%,-73%,-70%,-72%,-64%,-56%,-38%,-32%,-22%,-11%,-1%,0%,17%,9%,17%,10%,-13%,-11%,-9%,-7%,6%,2%,2%,-5%,-2%,-2%,5%,8%,2%,-5%,-13%,-5%,4%,14%,7%,-1%
The Ride,"Ann Arbor, USMichigan",-96%,-95%,-93%,-93%,-96%,-88%,-91%,-94%,-93%,-93%,-95%,-92%,-85%,-89%,-91%,-95%,-94%,-95%,-96%,-83%,-92%,-95%,-97%,-97%,-95%,-96%,-87%,-92%,-95%,-95%,-97%,-95%,-97%,-95%,-92%,-94%,-95%,-95%,-96%,-95%,-86%,-91%,-93%,-94%,-94%,-93%,-93%,-86%,-89%,-91%,-88%,-91%,-91%,-87%,-82%,-78%,-85%,-83%,-81%,-78%,-76%,-52%,-56%,-49%,-44%,-15%,0%,-4%,4%,-13%,-29%,-32%,-24%,-25%,-24%,5%,7%,4%,7%,16%,7%,7%,28%,19%,6%,-3%,-5%,-2%,-1%,19%,10%
U-M Transit,"Ann Arbor, USMichigan",-96%,-96%,-94%,-95%,-97%,-91%,-94%,-97%,-95%,-94%,-95%,-94%,-93%,-97%,-96%,-95%,-96%,-96%,-97%,-88%,-93%,-97%,-97%,-98%,-97%,-97%,-91%,-95%,-96%,-96%,-98%,-95%,-96%,-93%,-95%,-94%,-95%,-95%,-96%,-94%,-87%,-94%,-94%,-94%,-95%,-95%,-97%,-91%,-94%,-96%,-94%,-95%,-94%,-92%,-86%,-87%,-90%,-88%,-88%,-84%,-77%,-61%,-64%,-58%,-52%,-19%,-1%,-8%,-4%,-16%,-35%,-38%,-33%,-30%,-28%,9%,2%,9%,14%,18%,11%,4%,31%,14%,6%,-2%,-12%,-4%,-2%,20%,11%
MARTA,"Atlanta, USGeorgia",-64%,-66%,-64%,-64%,-66%,-57%,-63%,-69%,-66%,-66%,-65%,-62%,-55%,-62%,-66%,-67%,-69%,-63%,-61%,-52%,-61%,-57%,-69%,-62%,-59%,-50%,-49%,-41%,-45%,-51%,-43%,-49%,-46%,-55%,-45%,-43%,-51%,-50%,-52%,-48%,-45%,-45%,-47%,-43%,-44%,-45%,-40%,-45%,-51%,-50%,-50%,-58%,-54%,-60%,-49%,-45%,-43%,-41%,-43%,-41%,-35%,-28%,-22%,-17%,-12%,-10%,-12%,-6%,-6%,6%,4%,3%,-1%,1%,2%,-1%,5%,-7%,3%,4%,3%,-8%,6%,-5%,-9%,-4%,2%,8%,-3%,-6%,-1%
Capital Metro,"Austin, USTexas",-76%,-76%,-74%,-83%,-76%,-65%,-64%,-74%,-79%,-79%,-79%,-75%,-67%,-70%,-77%,-83%,-80%,-80%,-78%,-70%,-74%,-80%,-80%,-84%,-80%,-80%,-70%,-72%,-81%,-82%,-81%,-83%,-81%,-68%,-71%,-80%,-85%,-81%,-81%,-79%,-62%,-74%,-81%,-83%,-79%,-76%,-79%,-58%,-65%,-75%,-80%,-70%,-70%,-70%,-55%,-64%,-72%,-70%,-58%,-58%,-53%,-26%,-31%,-38%,-15%,-5%,-2%,5%,-2%,-12%,-14%,-8%,-10%,-4%,-3%,0%,-6%,-4%,-2%,4%,0%,4%,4%,5%,-1%,-3%,-2%,-1%,-9%,21%,0%
MDOT MTA,"Baltimore, USMaryland",-61%,-62%,-62%,-64%,-61%,-44%,-58%,-65%,-62%,-68%,-62%,-57%,-46%,-52%,-62%,-71%,-63%,-64%,-58%,-50%,-53%,-59%,-59%,-56%,-57%,-46%,-48%,-57%,-57%,-61%,-56%,-56%,-56%,-49%,-56%,-61%,-64%,-62%,-62%,-57%,-46%,-56%,-62%,-63%,-63%,-65%,-56%,-42%,-53%,-52%,-53%,-57%,-54%,-58%,-38%,-42%,-44%,-42%,-39%,-39%,-37%,-18%,-14%,-23%,-9%,-8%,-8%,-2%,-3%,-6%,0%,-5%,-1%,-6%,-3%,-4%,-9%,-1%,-6%,14%,-8%,10%,3%,-4%,-6%,-4%,16%,6%,-9%,-3%,-7%
Barrie Transit,"Barrie, CANOntario",-80%,-77%,-79%,-77%,-69%,-76%,-78%,-79%,-79%,-79%,-76%,-75%,-73%,-68%,-77%,-75%,-78%,-75%,-74%,-66%,-75%,-66%,-78%,-77%,-76%,-68%,-62%,-74%,-71%,-84%,-82%,-80%,-81%,-91%,-79%,-92%,-82%,-83%,-81%,-79%,-78%,-77%,-81%,-81%,-83%,-80%,-80%,-78%,-74%,-81%,-84%,-79%,-73%,-76%,-67%,-53%,-71%,-67%,-67%,-62%,-52%,-39%,-25%,-15%,-5%,2%,8%,0%,-13%,-1%,9%,18%,8%,10%,25%,0%,2%,-29%,-21%,-18%,-19%,14%,1%,7%,2%,22%,9%,39%,-17%,-2%,0%
MBTA,"Boston, USMassachusetts",-79%,-81%,-82%,-82%,-82%,-72%,-77%,-81%,-83%,-82%,-82%,-80%,-72%,-76%,-83%,-84%,-83%,-83%,-84%,-76%,-77%,-83%,-83%,-84%,-84%,-82%,-75%,-80%,-82%,-84%,-84%,-83%,-83%,-77%,-77%,-82%,-84%,-83%,-83%,-80%,-76%,-76%,-82%,-83%,-81%,-81%,-80%,-74%,-74%,-78%,-79%,-79%,-74%,-73%,-63%,-64%,-66%,-68%,-61%,-57%,-42%,-31%,-33%,-33%,-23%,-15%,-14%,-3%,-2%,-1%,-7%,-5%,-6%,-6%,1%,10%,9%,-1%,1%,-2%,-3%,19%,5%,9%,-9%,-8%,-7%,-11%,-21%,6%,0%
Brockton Area Transit,"Boston, USMassachusetts",-77%,-80%,-80%,-80%,-82%,-90%,-84%,-78%,-79%,-79%,-78%,-79%,-91%,-84%,-79%,-80%,-78%,-79%,-81%,-91%,-82%,-78%,-78%,-80%,-83%,-91%,-90%,-84%,-77%,-78%,-80%,-75%,-77%,-90%,-81%,-76%,-78%,-77%,-73%,-66%,-69%,-72%,-78%,-78%,-74%,-74%,-72%,-69%,-69%,-72%,-71%,-70%,-64%,-62%,-56%,-55%,-54%,-55%,-43%,-42%,-23%,-22%,-26%,-17%,-6%,1%,0%,16%,6%,14%,-6%,4%,-2%,-2%,6%,16%,13%,-1%,2%,4%,10%,23%,8%,15%,-18%,-9%,-10%,-13%,-11%,0%,0%
TransLink Brisbane,"Brisbane, AUQueensland",-69%,-72%,-70%,-70%,-73%,-66%,-74%,-74%,-76%,-81%,-76%,-80%,-78%,-75%,-78%,-80%,-78%,-80%,-74%,-69%,-81%,-79%,-73%,-77%,-79%,-78%,-72%,-78%,-76%,-79%,-77%,-82%,-80%,-84%,-80%,-85%,-84%,-82%,-81%,-80%,-78%,-78%,-80%,-83%,-78%,-77%,-81%,-79%,-76%,-71%,-73%,-69%,-60%,-56%,-47%,-32%,-35%,-31%,-35%,-22%,-21%,-12%,-18%,-15%,-6%,-7%,1%,8%,-4%,-11%,2%,0%,-8%,-1%,14%,9%,9%,2%,8%,3%,0%,6%,7%,-1%,-1%,-3%,-5%,4%,3%,2%,9%
NFTA,"Buffalo, USNew York",-63%,-60%,-61%,-64%,-66%,-48%,-54%,-64%,-64%,-62%,-62%,-65%,-34%,-46%,-58%,-63%,-62%,-62%,-61%,-49%,-46%,-57%,-67%,-61%,-64%,-58%,-44%,-52%,-57%,-57%,-61%,-59%,-67%,-42%,-57%,-64%,-66%,-67%,-65%,-65%,-40%,-53%,-66%,-64%,-63%,-67%,-70%,-44%,-57%,-65%,-75%,-76%,-76%,-76%,-59%,-58%,-66%,-64%,-64%,-35%,-48%,-23%,-24%,-6%,0%,4%,-1%,8%,-2%,-6%,1%,11%,6%,8%,20%,5%,-11%,2%,-42%,16%,13%,48%,1%,-7%,-21%,-24%,-18%,-18%,-14%,5%,-11%
Calgary Transit,"Calgary, CANAlberta",-81%,-82%,-81%,-82%,-77%,-74%,-75%,-82%,-82%,-82%,-81%,-82%,-71%,-74%,-83%,-82%,-82%,-82%,-80%,-73%,-76%,-81%,-81%,-83%,-82%,-79%,-74%,-77%,-81%,-83%,-84%,-83%,-81%,-75%,-77%,-84%,-81%,-83%,-83%,-80%,-74%,-75%,-82%,-80%,-82%,-81%,-81%,-72%,-75%,-81%,-82%,-81%,-80%,-77%,-65%,-66%,-73%,-73%,-70%,-65%,-57%,-31%,-38%,-24%,-15%,-10%,-9%,-7%,-1%,-2%,1%,-5%,-3%,-6%,-6%,9%,10%,3%,-2%,-1%,-1%,16%,8%,16%,1%,-11%,-15%,-14%,-40%,15%,15%
Airdrie Transit,"Calgary, CANAlberta",-91%,-91%,-91%,-91%,-89%,-88%,-88%,-91%,-92%,-91%,-91%,-89%,-85%,-87%,-91%,-91%,-92%,-92%,-90%,-88%,-89%,-91%,-90%,-90%,-89%,-88%,-86%,-87%,-90%,-91%,-91%,-90%,-89%,-86%,-86%,-90%,-89%,-89%,-88%,-88%,-85%,-85%,-87%,-86%,-87%,-87%,-87%,-80%,-83%,-88%,-88%,-87%,-85%,-82%,-74%,-75%,-80%,-80%,-77%,-72%,-64%,-48%,-46%,-41%,-33%,-29%,-25%,-21%,-14%,-9%,-10%,-12%,-15%,-15%,-8%,3%,7%,-2%,-5%,-3%,1%,8%,8%,16%,6%,-7%,-11%,-23%,-24%,8%,11%
Pacific Surfliner,"California, USCalifornia",-59%,-55%,-58%,-59%,-57%,-57%,-56%,-58%,-56%,-60%,-56%,-60%,-63%,-58%,-59%,-64%,-61%,-61%,-63%,-63%,-64%,-63%,-63%,-58%,-61%,-60%,-61%,-62%,-64%,-65%,-60%,-67%,-67%,-64%,-60%,-74%,-72%,-70%,-71%,-69%,-62%,-62%,-61%,-60%,-62%,-61%,-63%,-66%,-64%,-62%,-59%,-62%,-54%,-57%,-59%,-52%,-62%,-61%,-56%,-57%,-45%,-27%,-38%,-35%,-18%,-7%,-18%,-9%,3%,8%,1%,5%,16%,6%,-2%,22%,26%,-4%,2%,17%,1%,-10%,-7%,-2%,8%,13%,6%,-6%,-15%,23%,17%
BC Transit,"Central Fraser Valley, CANBritish Columbia",-72%,-72%,-73%,-77%,-68%,-67%,-68%,-68%,-76%,-76%,-74%,-75%,-71%,-76%,-76%,-80%,-78%,-79%,-76%,-73%,-73%,-75%,-76%,-78%,-74%,-74%,-73%,-74%,-77%,-77%,-76%,-76%,-72%,-71%,-72%,-74%,-74%,-77%,-76%,-78%,-76%,-76%,-76%,-73%,-76%,-77%,-77%,-74%,-75%,-76%,-78%,-75%,-71%,-73%,-65%,-68%,-61%,-62%,-52%,-43%,-36%,-35%,-31%,-14%,-1%,-4%,-9%,-7%,-14%,-14%,-3%,4%,6%,-6%,-12%,-5%,-2%,5%,12%,17%,6%,-6%,-17%,-11%,-12%,-3%,10%,18%,-14%,-3%,-6%
CARTA,"Charleston, USSouth Carolina",-74%,-69%,-73%,-68%,-60%,-69%,-70%,-72%,-76%,-77%,-75%,-74%,-71%,-72%,-71%,-80%,-77%,-76%,-73%,-69%,-76%,-71%,-81%,-77%,-76%,-76%,-76%,-72%,-72%,-77%,-79%,-74%,-79%,-71%,-67%,-71%,-75%,-76%,-73%,-71%,-59%,-65%,-67%,-72%,-72%,-69%,-68%,-64%,-63%,-64%,-62%,-64%,-60%,-50%,-44%,-55%,-53%,-48%,-42%,-36%,-38%,-4%,-17%,-6%,-10%,-2%,-3%,-1%,-6%,-8%,-4%,-12%,-10%,-11%,-10%,-4%,3%,0%,0%,2%,-5%,-4%,-4%,4%,5%,1%,0%,-4%,-5%,0%,5%
CTA,"Chicago, USIllinois",-79%,-83%,-81%,-81%,-81%,-75%,-76%,-81%,-82%,-82%,-83%,-80%,-73%,-74%,-81%,-84%,-84%,-83%,-82%,-75%,-78%,-82%,-82%,-83%,-82%,-80%,-74%,-77%,-82%,-83%,-82%,-82%,-82%,-76%,-79%,-81%,-83%,-83%,-82%,-82%,-75%,-78%,-80%,-83%,-82%,-83%,-82%,-75%,-78%,-81%,-81%,-81%,-79%,-80%,-73%,-73%,-73%,-73%,-72%,-67%,-54%,-39%,-38%,-29%,-22%,-15%,-9%,-6%,-4%,-7%,-6%,-8%,-8%,-6%,-6%,1%,7%,0%,-2%,-4%,-2%,3%,3%,5%,1%,-3%,-3%,-1%,-14%,5%,3%
Metra,"Chicago, USIllinois",-74%,-78%,-74%,-73%,-72%,-68%,-70%,-77%,-77%,-77%,-77%,-71%,-60%,-66%,-76%,-79%,-80%,-77%,-74%,-66%,-73%,-77%,-76%,-77%,-74%,-71%,-67%,-70%,-76%,-77%,-75%,-75%,-76%,-69%,-73%,-76%,-79%,-77%,-76%,-76%,-68%,-72%,-75%,-78%,-78%,-77%,-75%,-66%,-73%,-76%,-77%,-76%,-73%,-72%,-63%,-65%,-66%,-66%,-65%,-59%,-44%,-29%,-30%,-21%,-18%,-7%,-2%,2%,0%,5%,-1%,0%,-3%,2%,1%,10%,16%,1%,-3%,-4%,-2%,3%,4%,12%,1%,-5%,-3%,-6%,-11%,10%,5%
Pace Bus,"Chicago, USIllinois",-70%,-74%,-71%,-71%,-69%,-61%,-62%,-72%,-74%,-75%,-75%,-69%,-56%,-60%,-73%,-76%,-77%,-74%,-73%,-58%,-65%,-75%,-75%,-76%,-74%,-70%,-58%,-64%,-75%,-75%,-76%,-74%,-73%,-61%,-66%,-74%,-76%,-76%,-75%,-73%,-58%,-67%,-72%,-75%,-77%,-76%,-73%,-57%,-67%,-73%,-73%,-74%,-71%,-70%,-54%,-60%,-64%,-66%,-63%,-58%,-42%,-20%,-25%,-21%,-17%,-10%,-4%,0%,11%,10%,0%,-3%,-2%,-2%,2%,12%,12%,2%,-3%,-4%,-5%,7%,7%,9%,1%,-5%,-3%,-5%,-9%,12%,5%
SORTA - Metro,"Cincinnati, USOhio",-63%,-63%,-66%,-65%,-69%,-56%,-60%,-69%,-68%,-70%,-70%,-64%,-61%,-54%,-64%,-73%,-74%,-69%,-68%,-60%,-63%,-69%,-73%,-71%,-69%,-65%,-53%,-55%,-69%,-70%,-69%,-68%,-65%,-47%,-46%,-57%,-59%,-56%,-59%,-56%,-29%,-40%,-50%,-56%,-54%,-57%,-49%,-31%,-58%,-62%,-66%,-66%,-67%,-61%,-45%,-50%,-53%,-57%,-54%,-51%,-44%,-22%,-26%,-16%,-9%,-3%,-2%,1%,1%,3%,-11%,-2%,0%,5%,-3%,4%,-1%,-3%,-6%,-1%,2%,15%,0%,-6%,-7%,-5%,2%,3%,-19%,10%,-1%
TANK,"Cincinnati, USKentucky",-62%,-61%,-65%,-65%,-69%,-64%,-67%,-69%,-66%,-72%,-70%,-63%,-67%,-61%,-66%,-72%,-75%,-72%,-66%,-70%,-70%,-71%,-78%,-73%,-72%,-64%,-62%,-66%,-71%,-72%,-72%,-71%,-63%,-54%,-55%,-58%,-60%,-59%,-57%,-48%,-40%,-52%,-50%,-58%,-54%,-58%,-44%,-44%,-68%,-69%,-72%,-71%,-66%,-59%,-59%,-52%,-59%,-59%,-62%,-57%,-45%,-33%,-31%,-31%,-23%,-13%,-12%,-10%,-1%,4%,-12%,-1%,4%,5%,-2%,4%,5%,-6%,-5%,2%,12%,7%,-5%,-10%,-8%,-8%,2%,-6%,-9%,11%,-6%
GCRTA,"Cleveland, USOhio",-67%,-69%,-68%,-69%,-70%,-60%,-62%,-70%,-69%,-67%,-69%,-67%,-54%,-56%,-66%,-72%,-73%,-72%,-67%,-58%,-61%,-70%,-73%,-73%,-71%,-65%,-57%,-59%,-70%,-71%,-71%,-71%,-67%,-59%,-61%,-68%,-74%,-72%,-72%,-71%,-52%,-59%,-64%,-67%,-68%,-68%,-67%,-53%,-61%,-66%,-66%,-68%,-69%,-62%,-47%,-49%,-56%,-55%,-52%,-53%,-45%,-22%,-24%,-17%,-11%,-8%,-11%,-4%,-3%,-3%,1%,6%,1%,-1%,3%,1%,-4%,-7%,-8%,0%,-1%,10%,0%,-1%,0%,-1%,2%,7%,-19%,-3%,-7%
COTA,"Columbus, USOhio",-63%,-65%,-65%,-65%,-66%,-57%,-58%,-68%,-67%,-67%,-68%,-63%,-51%,-57%,-66%,-68%,-68%,-63%,-59%,-53%,-56%,-65%,-68%,-63%,-66%,-63%,-46%,-56%,-67%,-68%,-68%,-63%,-66%,-47%,-47%,-63%,-61%,-63%,-65%,-61%,-48%,-48%,-60%,-63%,-64%,-66%,-63%,-39%,-51%,-62%,-63%,-60%,-62%,-54%,-38%,-38%,-53%,-51%,-51%,-50%,-38%,-22%,-25%,-23%,-21%,-14%,-12%,-8%,2%,-1%,-3%,6%,7%,5%,2%,8%,1%,-3%,-4%,0%,1%,5%,9%,3%,-4%,-2%,0%,-5%,-10%,-2%,2%
CTTransit Stamford,"Connecticut, USConnecticut",-65%,-68%,-63%,-63%,-67%,-59%,-71%,-69%,-68%,-64%,-73%,-65%,-61%,-67%,-69%,-74%,-76%,-74%,-67%,-69%,-68%,-76%,-75%,-73%,-76%,-72%,-69%,-71%,-71%,-69%,-72%,-71%,-72%,-71%,-68%,-70%,-73%,-71%,-69%,-62%,-65%,-63%,-68%,-62%,-57%,-65%,-55%,-60%,-63%,-62%,-69%,-65%,-59%,-67%,-59%,-55%,-60%,-55%,-54%,-46%,-37%,-34%,-28%,-20%,-19%,-11%,-11%,1%,9%,1%,2%,-2%,1%,9%,9%,7%,-3%,0%,0%,-1%,-8%,1%,6%,5%,-7%,-7%,6%,18%,13%,2%,0%
CTTransit Hartford,"Connecticut, USConnecticut",-61%,-63%,-65%,-64%,-67%,-41%,-60%,-65%,-65%,-66%,-66%,-63%,-43%,-56%,-63%,-69%,-68%,-67%,-65%,-49%,-54%,-65%,-67%,-69%,-71%,-63%,-47%,-60%,-60%,-66%,-66%,-64%,-71%,-53%,-54%,-62%,-69%,-66%,-64%,-59%,-41%,-56%,-61%,-65%,-60%,-61%,-57%,-40%,-58%,-59%,-63%,-63%,-60%,-61%,-35%,-47%,-50%,-56%,-51%,-46%,-37%,-12%,-21%,-26%,-14%,-3%,-1%,11%,3%,-3%,3%,5%,5%,7%,15%,7%,-1%,2%,0%,-1%,-1%,23%,6%,0%,-5%,-2%,9%,8%,-8%,4%,-8%
CTTransit New Britain,"Connecticut, USConnecticut",-63%,-70%,-74%,-70%,-69%,-43%,-64%,-69%,-76%,-77%,-70%,-63%,-57%,-66%,-71%,-71%,-69%,-70%,-62%,-60%,-62%,-72%,-77%,-77%,-78%,-64%,-57%,-71%,-66%,-72%,-70%,-69%,-74%,-59%,-58%,-69%,-75%,-70%,-62%,-62%,-47%,-62%,-66%,-69%,-65%,-66%,-59%,-53%,-66%,-66%,-70%,-66%,-64%,-70%,-46%,-56%,-56%,-58%,-54%,-47%,-41%,-22%,-24%,-35%,-20%,0%,3%,12%,4%,17%,12%,1%,7%,6%,10%,14%,7%,9%,1%,-2%,-4%,24%,14%,-3%,-3%,2%,8%,12%,-12%,5%,-12%
CTTransit New Haven,"Connecticut, USConnecticut",-63%,-65%,-66%,-64%,-67%,-48%,-60%,-67%,-63%,-65%,-66%,-65%,-48%,-54%,-64%,-71%,-67%,-67%,-67%,-55%,-55%,-64%,-65%,-68%,-70%,-64%,-51%,-61%,-59%,-66%,-66%,-66%,-72%,-55%,-54%,-60%,-71%,-66%,-66%,-62%,-55%,-58%,-63%,-67%,-61%,-68%,-63%,-52%,-57%,-59%,-65%,-64%,-60%,-65%,-39%,-42%,-51%,-55%,-53%,-50%,-37%,-13%,-15%,-32%,-15%,-8%,-8%,12%,-7%,-2%,-8%,4%,0%,5%,17%,7%,-3%,-3%,0%,0%,-5%,27%,-3%,0%,-12%,-7%,2%,7%,-7%,13%,-7%
Shore Line East,"Connecticut, USConnecticut, New York",-67%,-72%,-73%,-70%,-65%,-53%,-65%,-70%,-70%,-69%,-76%,-66%,-43%,-64%,-73%,-75%,-67%,-71%,-61%,-50%,-61%,-68%,-68%,-70%,-70%,-57%,-47%,-67%,-68%,-68%,-70%,-71%,-70%,-56%,-63%,-69%,-74%,-73%,-69%,-60%,-57%,-60%,-68%,-69%,-65%,-70%,-64%,-44%,-56%,-67%,-71%,-65%,-59%,-60%,-36%,-52%,-81%,-78%,-76%,-71%,-53%,-11%,-15%,-25%,-1%,11%,7%,11%,-3%,-8%,1%,13%,6%,13%,25%,13%,8%,6%,-2%,-1%,1%,24%,-1%,6%,-10%,-9%,0%,-4%,0%,21%,-2%
Hartford Line,"Connecticut, USConnecticut",-62%,-67%,-69%,-71%,-67%,-52%,-67%,-67%,-71%,-67%,-69%,-66%,-49%,-58%,-71%,-73%,-69%,-69%,-60%,-53%,-62%,-69%,-69%,-73%,-74%,-65%,-53%,-70%,-63%,-68%,-63%,-66%,-71%,-55%,-57%,-65%,-70%,-69%,-62%,-58%,-51%,-61%,-66%,-65%,-60%,-64%,-59%,-44%,-57%,-62%,-67%,-66%,-57%,-56%,-39%,-48%,-51%,-56%,-45%,-46%,-32%,-4%,-18%,-30%,-13%,-2%,0%,4%,-2%,4%,5%,0%,3%,11%,14%,13%,12%,9%,-1%,-7%,5%,12%,4%,1%,-9%,0%,5%,7%,-3%,15%,-2%
BC Transit,"Cowichan Valley, CANBritish Columbia",-72%,-80%,-78%,-78%,-78%,-86%,-82%,-82%,-84%,-83%,-81%,-81%,-85%,-86%,-83%,-84%,-84%,-82%,-79%,-88%,-83%,-83%,-84%,-85%,-80%,-79%,-89%,-85%,-82%,-82%,-84%,-87%,-88%,-86%,-85%,-86%,-82%,-83%,-84%,-81%,-86%,-81%,-82%,-85%,-85%,-83%,-86%,-85%,-81%,-83%,-82%,-82%,-79%,-74%,-79%,-65%,-64%,-61%,-55%,-41%,-37%,-26%,-17%,-15%,-16%,-9%,-10%,-9%,-8%,2%,-4%,-6%,2%,-1%,-10%,-6%,11%,5%,4%,-5%,3%,6%,-10%,15%,-3%,-7%,9%,-9%,-34%,0%,18%
DART,"Dallas, USTexas",-52%,-54%,-49%,-59%,-56%,-50%,-50%,-52%,-52%,-47%,-52%,-52%,-49%,-50%,-51%,-59%,-52%,-54%,-59%,-56%,-57%,-57%,-48%,-58%,-55%,-52%,-54%,-48%,-56%,-57%,-55%,-54%,-45%,-57%,-51%,-50%,-51%,-48%,-50%,-50%,-54%,-55%,-59%,-61%,-54%,-60%,-61%,-53%,-43%,-57%,-63%,-54%,-53%,-53%,-41%,-42%,-48%,-48%,-37%,-31%,-21%,-13%,-18%,-20%,-16%,-2%,-2%,-4%,-7%,10%,-5%,5%,-4%,15%,-1%,14%,16%,1%,-1%,-1%,-4%,2%,-3%,7%,-3%,-4%,-4%,-2%,-14%,9%,11%
Greater Dayton RTA,"Dayton, USOhio",-55%,-60%,-54%,-60%,-60%,-50%,-55%,-62%,-56%,-59%,-59%,-54%,-46%,-45%,-55%,-64%,-64%,-60%,-61%,-57%,-52%,-58%,-67%,-66%,-63%,-60%,-48%,-48%,-64%,-65%,-63%,-62%,-59%,-48%,-51%,-61%,-59%,-60%,-59%,-57%,-40%,-47%,-49%,-56%,-53%,-57%,-55%,-41%,-51%,-55%,-55%,-56%,-52%,-44%,-32%,-37%,-36%,-44%,-35%,-29%,-25%,-10%,-23%,-15%,-11%,-5%,-8%,-1%,1%,-2%,-7%,-2%,-6%,2%,-6%,8%,-5%,-7%,-19%,1%,-5%,9%,6%,1%,-7%,-1%,4%,2%,-3%,11%,4%
Via Mobility Services - Boulder,"Denver, USColorado",-95%,-94%,-95%,-95%,-96%,-93%,-94%,-95%,-96%,-97%,-96%,-97%,-95%,-96%,-97%,-97%,-97%,-97%,-98%,-96%,-97%,-98%,-97%,-97%,-97%,-96%,-95%,-96%,-97%,-98%,-98%,-97%,-97%,-95%,-95%,-98%,-97%,-97%,-97%,-96%,-93%,-94%,-97%,-97%,-97%,-96%,-96%,-93%,-93%,-97%,-95%,-95%,-94%,-93%,-88%,-86%,-90%,-91%,-84%,-83%,-75%,-47%,-48%,-65%,-38%,-18%,-25%,-29%,-18%,-12%,-16%,-12%,13%,-11%,-8%,0%,-4%,-19%,-13%,-9%,-4%,-6%,-1%,5%,-1%,21%,23%,-3%,-5%,1%,5%
RTD,"Denver, USColorado",-78%,-80%,-80%,-80%,-81%,-72%,-75%,-79%,-82%,-83%,-82%,-81%,-73%,-77%,-80%,-83%,-82%,-83%,-81%,-74%,-77%,-83%,-81%,-81%,-82%,-79%,-71%,-75%,-83%,-86%,-81%,-83%,-84%,-77%,-73%,-81%,-83%,-81%,-82%,-78%,-67%,-72%,-80%,-83%,-80%,-81%,-79%,-70%,-74%,-79%,-79%,-77%,-73%,-72%,-61%,-62%,-72%,-73%,-59%,-64%,-56%,-32%,-32%,-41%,-24%,-4%,-16%,-14%,-6%,-6%,-10%,-7%,12%,-9%,-5%,5%,0%,-7%,-8%,-6%,-7%,4%,4%,6%,-2%,6%,8%,-2%,-15%,9%,4%
SMART,"Detroit, USMichigan",-71%,-76%,-72%,-72%,-73%,-68%,-70%,-73%,-68%,-72%,-72%,-68%,-52%,-59%,-70%,-72%,-76%,-73%,-72%,-66%,-65%,-74%,-77%,-77%,-76%,-65%,-63%,-68%,-75%,-73%,-74%,-73%,-68%,-64%,-61%,-68%,-69%,-63%,-64%,-59%,-45%,-55%,-55%,-58%,-62%,-61%,-51%,-55%,-55%,-56%,-58%,-57%,-57%,-48%,-40%,-38%,-46%,-46%,-49%,-56%,-35%,-10%,-11%,-14%,-10%,-6%,-6%,0%,8%,8%,-3%,5%,7%,8%,7%,11%,0%,-3%,-16%,-12%,2%,9%,17%,8%,-5%,-7%,0%,7%,3%,8%,2%
DDOT,"Detroit, USMichigan",-70%,-75%,-71%,-69%,-73%,-67%,-68%,-72%,-68%,-71%,-70%,-68%,-54%,-60%,-69%,-73%,-77%,-71%,-71%,-66%,-65%,-71%,-76%,-75%,-75%,-63%,-64%,-68%,-75%,-72%,-73%,-73%,-68%,-65%,-60%,-66%,-67%,-60%,-64%,-58%,-46%,-56%,-54%,-56%,-60%,-60%,-48%,-53%,-56%,-57%,-58%,-55%,-58%,-49%,-42%,-42%,-47%,-47%,-52%,-59%,-36%,-12%,-13%,-15%,-8%,-4%,-10%,0%,5%,8%,-2%,3%,6%,8%,4%,11%,2%,1%,-15%,-12%,1%,9%,12%,7%,-6%,-8%,-3%,8%,0%,9%,-1%
St. Albert Transit,"Edmonton, CANAlberta",-82%,-83%,-82%,-79%,-75%,-79%,-79%,-83%,-84%,-82%,-82%,-83%,-81%,-80%,-84%,-85%,-83%,-82%,-79%,-79%,-79%,-82%,-84%,-83%,-82%,-79%,-78%,-81%,-83%,-85%,-85%,-83%,-80%,-84%,-86%,-89%,-84%,-84%,-85%,-79%,-79%,-80%,-80%,-82%,-80%,-80%,-78%,-80%,-79%,-80%,-80%,-80%,-78%,-74%,-72%,-69%,-66%,-63%,-52%,-46%,-56%,-43%,-36%,-22%,-8%,-6%,-1%,-5%,-12%,-13%,0%,0%,3%,2%,8%,-1%,-11%,2%,4%,6%,19%,19%,-5%,3%,-7%,-6%,-15%,-30%,-47%,0%,-2%
Strathcona County Transit,"Edmonton, CANAlberta",-84%,-84%,-84%,-82%,-80%,-83%,-81%,-85%,-86%,-85%,-84%,-85%,-84%,-82%,-86%,-86%,-85%,-85%,-82%,-81%,-79%,-83%,-85%,-85%,-83%,-82%,-80%,-80%,-82%,-87%,-87%,-85%,-85%,-91%,-90%,-92%,-85%,-85%,-86%,-82%,-82%,-82%,-82%,-85%,-83%,-83%,-88%,-84%,-91%,-89%,-84%,-82%,-82%,-77%,-76%,-74%,-70%,-68%,-58%,-55%,-62%,-47%,-44%,-26%,-3%,-2%,2%,-3%,-21%,-16%,4%,5%,7%,8%,7%,-18%,-10%,8%,12%,10%,23%,21%,-20%,0%,-3%,-11%,-16%,-34%,-56%,-20%,-8%
Edmonton Transit,"Edmonton, CANAlberta",-82%,-83%,-82%,-82%,-79%,-75%,-77%,-83%,-83%,-82%,-82%,-84%,-76%,-76%,-82%,-85%,-83%,-83%,-81%,-74%,-77%,-81%,-84%,-83%,-83%,-80%,-74%,-78%,-82%,-85%,-84%,-84%,-82%,-78%,-79%,-85%,-84%,-83%,-84%,-82%,-75%,-76%,-79%,-81%,-80%,-80%,-80%,-75%,-76%,-80%,-81%,-80%,-79%,-77%,-67%,-67%,-68%,-66%,-58%,-45%,-56%,-36%,-34%,-25%,-6%,-4%,-1%,2%,-6%,-9%,2%,3%,1%,2%,6%,5%,-2%,-7%,-4%,4%,7%,24%,1%,5%,2%,0%,-3%,-19%,-41%,7%,1%
STO,"Gatineau, CANQuebec",-83%,-84%,-83%,-83%,-77%,-77%,-77%,-84%,-84%,-83%,-84%,-82%,-77%,-77%,-84%,-86%,-86%,-85%,-81%,-80%,-79%,-84%,-86%,-86%,-86%,-80%,-81%,-80%,-83%,-86%,-86%,-85%,-84%,-81%,-81%,-85%,-86%,-85%,-84%,-82%,-81%,-79%,-85%,-84%,-83%,-83%,-83%,-79%,-80%,-84%,-85%,-85%,-84%,-81%,-70%,-72%,-79%,-76%,-74%,-69%,-58%,-35%,-32%,-23%,-10%,-6%,-5%,-2%,-11%,-4%,-11%,-8%,-8%,-6%,-7%,1%,-3%,5%,-16%,8%,4%,14%,-1%,-5%,-6%,-5%,15%,2%,-3%,6%,-3%
The Rapid,"Grand Rapids, USMichigan",-86%,-93%,-89%,-93%,-92%,-85%,-88%,-90%,-92%,-92%,-92%,-92%,-79%,-88%,-91%,-94%,-94%,-92%,-94%,-87%,-92%,-95%,-94%,-96%,-95%,-95%,-91%,-93%,-95%,-95%,-95%,-94%,-95%,-92%,-94%,-94%,-94%,-94%,-93%,-93%,-92%,-94%,-89%,-93%,-91%,-92%,-91%,-88%,-89%,-86%,-85%,-88%,-81%,-74%,-74%,-75%,-72%,-72%,-75%,-67%,-63%,-51%,-44%,-45%,-21%,-11%,-3%,6%,-21%,-12%,-38%,-25%,-26%,-35%,-22%,-17%,-6%,-5%,8%,9%,10%,20%,26%,26%,7%,1%,-4%,-7%,5%,-3%,-3%
Halifax Transit,"Halifax, CANNova Scotia",-88%,-89%,-89%,-89%,-85%,-85%,-87%,-89%,-90%,-88%,-89%,-89%,-85%,-88%,-91%,-91%,-90%,-92%,-90%,-86%,-87%,-90%,-91%,-92%,-91%,-89%,-89%,-89%,-90%,-92%,-92%,-90%,-89%,-90%,-87%,-92%,-91%,-90%,-90%,-87%,-86%,-87%,-89%,-90%,-88%,-88%,-86%,-84%,-85%,-86%,-87%,-84%,-84%,-75%,-75%,-72%,-74%,-72%,-68%,-60%,-51%,-28%,-23%,-17%,-12%,-9%,-11%,3%,-7%,-20%,-6%,-8%,-6%,-8%,4%,3%,-3%,-1%,-6%,0%,-3%,26%,-1%,-4%,-11%,-12%,12%,-5%,-38%,1%,-2%
Busit,"Hamilton, New ZealandWaikato",-71%,-75%,-79%,-84%,-88%,-90%,-84%,-91%,-91%,-91%,-91%,-90%,-92%,-87%,-89%,-88%,-89%,-89%,-90%,-94%,-89%,-92%,-90%,-92%,-93%,-91%,-93%,-90%,-92%,-92%,-93%,-95%,-94%,-94%,-90%,-91%,-95%,-94%,-94%,-94%,-96%,-90%,-92%,-94%,-94%,-94%,-94%,-94%,-88%,-91%,-92%,-92%,-83%,-69%,-38%,-40%,-28%,-31%,-21%,-3%,-9%,-6%,0%,1%,-3%,-3%,1%,-1%,-5%,0%,5%,-2%,-2%,4%,3%,2%,11%,-1%,-5%,-1%,4%,1%,0%,10%,-6%,1%,0%,0%,4%,2%,-2%
HRT,"Hampton, USVirginia",-53%,-64%,-68%,-62%,-73%,-66%,-71%,-69%,-66%,-60%,-71%,-60%,-58%,-66%,-61%,-68%,-61%,-66%,-62%,-53%,-61%,-55%,-60%,-60%,-66%,-62%,-56%,-64%,-59%,-65%,-60%,-62%,-66%,-46%,-62%,-59%,-64%,-66%,-59%,-56%,-55%,-49%,-39%,-54%,-44%,-27%,-33%,-38%,-39%,-36%,-35%,-45%,-35%,-41%,-25%,-30%,-31%,-28%,-12%,-19%,-16%,-15%,3%,0%,-4%,6%,-3%,2%,-13%,9%,-3%,2%,12%,0%,7%,-8%,14%,19%,-2%,7%,-13%,1%,5%,5%,-16%,-15%,6%,0%,0%,-4%,22%
METRO,"Houston, USTexas",-60%,-61%,-63%,-63%,-65%,-55%,-53%,-61%,-64%,-63%,-64%,-64%,-52%,-54%,-59%,-66%,-68%,-71%,-67%,-56%,-65%,-66%,-67%,-69%,-65%,-62%,-60%,-67%,-70%,-72%,-72%,-71%,-67%,-58%,-62%,-66%,-67%,-67%,-68%,-64%,-55%,-70%,-65%,-64%,-63%,-64%,-59%,-41%,-57%,-59%,-58%,-57%,-48%,-39%,-42%,-49%,-52%,-42%,-41%,-38%,-29%,-11%,-21%,-25%,-10%,-6%,1%,-2%,-3%,-2%,3%,4%,0%,10%,7%,1%,-4%,-11%,6%,0%,10%,-2%,2%,-2%,1%,-5%,-4%,5%,-8%,7%,7%
IndyGo,"Indianapolis, USIndiana",-66%,-69%,-59%,-58%,-59%,-63%,-61%,-67%,-75%,-62%,-55%,-61%,-48%,-40%,-53%,-56%,-65%,-54%,-49%,-37%,-44%,-55%,-57%,-55%,-51%,-51%,-40%,-47%,-61%,-60%,-66%,-56%,-49%,-35%,-52%,-45%,-46%,-50%,-50%,-52%,-32%,-54%,-40%,-40%,-59%,-51%,-40%,-42%,-56%,-62%,-56%,-60%,-55%,-51%,-51%,-52%,-52%,-56%,-54%,-28%,-36%,-11%,-50%,-16%,-25%,-14%,-2%,-20%,-4%,-13%,-21%,-11%,0%,-6%,-15%,8%,-6%,-6%,-10%,1%,-6%,-7%,7%,8%,-13%,-4%,14%,25%,-8%,-3%,0%
TCAT,"Ithaca, USNew York",-95%,-95%,-93%,-97%,-95%,-96%,-95%,-97%,-96%,-96%,-97%,-96%,-95%,-96%,-96%,-97%,-96%,-97%,-96%,-97%,-96%,-97%,-97%,-96%,-97%,-96%,-97%,-96%,-96%,-95%,-96%,-96%,-95%,-95%,-93%,-94%,-95%,-96%,-96%,-94%,-91%,-92%,-93%,-93%,-94%,-93%,-93%,-89%,-88%,-93%,-92%,-92%,-91%,-92%,-84%,-84%,-85%,-86%,-81%,-73%,-59%,-37%,-31%,-21%,-17%,-20%,-19%,-21%,-14%,8%,8%,-10%,-9%,3%,2%,19%,20%,13%,1%,-14%,-32%,-33%,-21%,-14%,-5%,0%,-6%,5%,11%,13%,21%
BC Transit,"Kamloops, CANBritish Columbia",-67%,-68%,-68%,-65%,-64%,-64%,-63%,-65%,-69%,-71%,-70%,-72%,-68%,-68%,-67%,-68%,-70%,-72%,-68%,-66%,-70%,-63%,-73%,-71%,-73%,-68%,-73%,-75%,-74%,-77%,-77%,-77%,-74%,-75%,-71%,-65%,-77%,-80%,-80%,-76%,-74%,-77%,-79%,-79%,-78%,-79%,-78%,-74%,-75%,-77%,-79%,-77%,-78%,-71%,-66%,-61%,-62%,-58%,-53%,-45%,-37%,-18%,-23%,-8%,-7%,-3%,2%,-5%,-7%,-5%,-3%,2%,-1%,4%,-2%,3%,2%,7%,3%,9%,8%,6%,-9%,-7%,-14%,-19%,-17%,-17%,-18%,5%,-3%
BC Transit,"Kelowna, CANBritish Columbia",-68%,-66%,-61%,-64%,-59%,-60%,-60%,-65%,-66%,-69%,-65%,-64%,-62%,-68%,-69%,-69%,-72%,-72%,-68%,-69%,-71%,-75%,-76%,-75%,-76%,-71%,-71%,-73%,-76%,-78%,-76%,-79%,-76%,-74%,-75%,-78%,-79%,-80%,-76%,-75%,-76%,-75%,-80%,-81%,-80%,-79%,-77%,-70%,-72%,-79%,-79%,-77%,-75%,-73%,-67%,-64%,-65%,-60%,-55%,-46%,-33%,-22%,-18%,-16%,-9%,-11%,-9%,-8%,-14%,-9%,-7%,-9%,-8%,-4%,-1%,3%,3%,-1%,5%,3%,-1%,0%,-5%,-2%,-10%,-9%,-11%,-10%,-21%,10%,5%
Kingston Transit,"Kingston, CANOntario",-91%,-89%,-88%,-89%,-89%,-88%,-88%,-88%,-91%,-89%,-87%,-89%,-86%,-86%,-89%,-91%,-90%,-90%,-90%,-88%,-87%,-86%,-90%,-90%,-89%,-87%,-89%,-87%,-87%,-91%,-91%,-91%,-91%,-97%,-88%,-97%,-91%,-91%,-91%,-91%,-89%,-88%,-91%,-90%,-91%,-88%,-89%,-88%,-88%,-90%,-89%,-88%,-88%,-88%,-82%,-84%,-93%,-92%,-88%,-76%,-47%,-26%,-29%,-20%,-9%,-5%,-5%,-5%,-3%,1%,7%,7%,9%,-2%,1%,18%,10%,10%,-10%,-9%,-1%,13%,7%,-3%,-14%,-16%,-15%,-10%,-51%,-7%,-8%
Las Vegas Monorail,"Las Vegas, USNevada",-73%,-70%,-69%,-72%,-71%,-76%,-74%,-74%,-71%,-75%,-77%,-78%,-81%,-77%,-76%,-75%,-76%,-74%,-75%,-81%,-77%,-78%,-74%,-75%,-75%,-77%,-80%,-79%,-76%,-75%,-74%,-76%,-76%,-81%,-77%,-76%,-74%,-75%,-77%,-76%,-80%,-77%,-69%,-71%,-70%,-71%,-71%,-76%,-74%,-67%,-65%,-66%,-62%,-73%,-73%,-70%,-65%,-60%,-53%,-33%,-28%,-22%,-18%,-18%,-9%,-5%,-9%,-14%,-6%,-9%,-3%,-3%,3%,-7%,-7%,-7%,-7%,-4%,2%,3%,-9%,-3%,-2%,-3%,7%,14%,3%,-7%,-6%,-3%,1%
RTC Southern Nevada,"Las Vegas, USNevada",-66%,-66%,-66%,-66%,-66%,-67%,-67%,-67%,-68%,-69%,-68%,-67%,-70%,-69%,-68%,-68%,-68%,-67%,-65%,-68%,-69%,-68%,-67%,-68%,-66%,-66%,-68%,-70%,-68%,-68%,-68%,-67%,-65%,-70%,-67%,-67%,-66%,-68%,-68%,-66%,-69%,-66%,-63%,-64%,-63%,-65%,-64%,-65%,-64%,-60%,-58%,-58%,-48%,-60%,-60%,-58%,-57%,-54%,-44%,-30%,-24%,-16%,-16%,-16%,-9%,-1%,-9%,-12%,-9%,-8%,-4%,-5%,4%,-1%,-5%,-8%,-6%,-1%,1%,3%,-3%,-1%,-6%,-11%,5%,13%,3%,1%,-5%,-2%,-1%
London Transit,"London, CANOntario",-86%,-87%,-84%,-84%,-81%,-80%,-79%,-83%,-84%,-84%,-84%,-82%,-79%,-81%,-84%,-84%,-86%,-84%,-83%,-82%,-83%,-81%,-88%,-87%,-86%,-85%,-81%,-83%,-85%,-88%,-87%,-86%,-87%,-86%,-81%,-90%,-87%,-86%,-87%,-87%,-83%,-83%,-88%,-86%,-86%,-87%,-87%,-83%,-84%,-87%,-88%,-86%,-83%,-84%,-74%,-76%,-78%,-78%,-75%,-67%,-58%,-37%,-38%,-26%,-9%,-4%,0%,-1%,-9%,-10%,-6%,2%,0%,5%,6%,9%,1%,10%,10%,10%,9%,30%,-7%,-17%,-25%,-29%,-25%,-10%,-52%,-15%,-13%
Torrance Transit,"Los Angeles, USCalifornia",-65%,-66%,-66%,-68%,-66%,-64%,-61%,-68%,-70%,-72%,-71%,-66%,-58%,-64%,-70%,-74%,-75%,-72%,-67%,-59%,-66%,-71%,-72%,-72%,-71%,-62%,-54%,-68%,-73%,-74%,-74%,-74%,-67%,-59%,-67%,-75%,-79%,-76%,-77%,-71%,-59%,-66%,-67%,-70%,-68%,-72%,-71%,-68%,-66%,-70%,-73%,-70%,-68%,-69%,-64%,-66%,-66%,-63%,-57%,-61%,-55%,-37%,-40%,-39%,-30%,-10%,-22%,-12%,-7%,2%,-4%,1%,9%,4%,-5%,2%,13%,1%,1%,8%,2%,5%,-2%,7%,2%,7%,7%,-6%,-28%,-4%,3%
Foothill Transit,"Los Angeles, USCalifornia",-67%,-68%,-70%,-70%,-66%,-64%,-60%,-70%,-72%,-73%,-72%,-69%,-65%,-64%,-70%,-74%,-75%,-75%,-72%,-68%,-68%,-74%,-71%,-73%,-73%,-71%,-67%,-69%,-74%,-76%,-76%,-75%,-76%,-70%,-68%,-78%,-79%,-78%,-78%,-78%,-70%,-70%,-71%,-73%,-72%,-76%,-75%,-70%,-70%,-72%,-73%,-70%,-69%,-69%,-63%,-65%,-67%,-66%,-63%,-64%,-55%,-39%,-42%,-41%,-26%,-7%,-18%,-6%,-8%,4%,-3%,2%,11%,7%,0%,0%,10%,0%,4%,14%,7%,4%,-8%,2%,4%,6%,6%,-5%,-22%,-3%,-2%
Big Blue Bus,"Los Angeles, USCalifornia",-75%,-74%,-76%,-76%,-75%,-69%,-69%,-77%,-78%,-79%,-79%,-76%,-70%,-72%,-79%,-80%,-80%,-79%,-78%,-74%,-73%,-79%,-80%,-80%,-78%,-78%,-74%,-76%,-80%,-82%,-80%,-81%,-80%,-76%,-76%,-83%,-84%,-82%,-82%,-81%,-73%,-75%,-75%,-77%,-76%,-77%,-74%,-72%,-73%,-77%,-79%,-76%,-75%,-76%,-71%,-72%,-73%,-71%,-69%,-69%,-60%,-34%,-40%,-44%,-27%,-16%,-26%,-7%,4%,2%,-7%,-1%,2%,2%,-4%,11%,8%,-3%,-3%,5%,2%,10%,0%,5%,1%,3%,2%,2%,-27%,6%,0%
LA Metro - Bus,"Los Angeles, USCalifornia",-68%,-69%,-71%,-71%,-69%,-63%,-65%,-70%,-72%,-73%,-72%,-71%,-67%,-67%,-71%,-74%,-75%,-73%,-71%,-67%,-68%,-72%,-71%,-73%,-72%,-70%,-66%,-70%,-73%,-75%,-75%,-75%,-74%,-71%,-68%,-76%,-79%,-77%,-77%,-76%,-69%,-69%,-70%,-72%,-69%,-73%,-70%,-67%,-69%,-71%,-72%,-71%,-68%,-69%,-65%,-64%,-65%,-63%,-61%,-61%,-54%,-31%,-37%,-36%,-28%,-7%,-23%,-9%,-2%,2%,-6%,-3%,3%,0%,-4%,1%,8%,-3%,-2%,7%,-1%,8%,0%,1%,1%,6%,3%,0%,-22%,5%,-1%
Santa Clarita Transit,"Los Angeles, USCalifornia",-63%,-65%,-68%,-69%,-65%,-71%,-65%,-69%,-70%,-72%,-70%,-67%,-72%,-72%,-70%,-72%,-73%,-70%,-70%,-73%,-71%,-72%,-68%,-71%,-69%,-70%,-72%,-74%,-77%,-75%,-76%,-75%,-77%,-74%,-76%,-80%,-80%,-79%,-78%,-80%,-78%,-73%,-71%,-73%,-73%,-75%,-73%,-78%,-76%,-78%,-75%,-73%,-73%,-74%,-76%,-75%,-71%,-63%,-62%,-63%,-62%,-51%,-49%,-35%,-21%,-8%,-16%,-16%,-18%,-5%,3%,7%,16%,10%,-11%,-29%,-7%,4%,3%,13%,5%,-2%,-27%,-4%,8%,4%,7%,-1%,-32%,-28%,-7%
West Hollywood - WeHo,"Los Angeles, USCalifornia",-73%,-74%,-75%,-76%,-72%,-76%,-76%,-79%,-78%,-79%,-79%,-76%,-80%,-76%,-81%,-81%,-82%,-79%,-80%,-77%,-77%,-82%,-82%,-81%,-81%,-80%,-81%,-81%,-84%,-84%,-85%,-83%,-86%,-82%,-79%,-85%,-85%,-85%,-84%,-82%,-78%,-75%,-79%,-79%,-79%,-80%,-84%,-83%,-78%,-80%,-82%,-80%,-76%,-78%,-75%,-72%,-76%,-72%,-70%,-64%,-55%,-37%,-31%,-46%,-28%,-7%,-8%,-5%,3%,15%,1%,14%,10%,11%,-1%,-8%,24%,3%,1%,7%,17%,9%,-14%,12%,5%,4%,5%,-25%,-53%,0%,9%
LA DOT,"Los Angeles, USCalifornia",-68%,-69%,-71%,-71%,-67%,-61%,-66%,-71%,-72%,-73%,-72%,-69%,-66%,-68%,-72%,-75%,-76%,-74%,-70%,-66%,-70%,-73%,-72%,-74%,-72%,-69%,-65%,-72%,-76%,-77%,-77%,-77%,-75%,-70%,-71%,-79%,-82%,-80%,-80%,-78%,-70%,-73%,-74%,-75%,-70%,-73%,-69%,-65%,-71%,-71%,-73%,-72%,-70%,-67%,-62%,-66%,-66%,-63%,-62%,-62%,-53%,-26%,-40%,-37%,-27%,-9%,-23%,-6%,7%,0%,-7%,-3%,2%,-1%,-2%,9%,7%,-4%,-3%,7%,1%,10%,8%,2%,0%,4%,2%,-4%,-20%,11%,-2%
Omnitrans,"Los Angeles, USCalifornia",-61%,-60%,-59%,-65%,-60%,-53%,-54%,-63%,-59%,-65%,-65%,-61%,-42%,-57%,-60%,-66%,-68%,-71%,-66%,-59%,-63%,-68%,-68%,-67%,-69%,-62%,-52%,-61%,-69%,-70%,-68%,-67%,-65%,-61%,-61%,-68%,-72%,-68%,-68%,-71%,-55%,-50%,-52%,-59%,-56%,-61%,-63%,-56%,-51%,-62%,-61%,-58%,-56%,-61%,-64%,-60%,-59%,-61%,-56%,-54%,-51%,-44%,-39%,-35%,-24%,-6%,-22%,-5%,-29%,-8%,-2%,-2%,4%,1%,-6%,-19%,0%,-5%,3%,21%,9%,5%,-12%,-14%,-8%,6%,2%,-2%,-24%,-3%,-6%
Riverside Transit Agency,"Los Angeles, USCalifornia",-70%,-69%,-70%,-71%,-68%,-65%,-63%,-70%,-68%,-73%,-72%,-73%,-62%,-67%,-69%,-74%,-75%,-78%,-76%,-72%,-69%,-75%,-77%,-74%,-77%,-74%,-66%,-66%,-75%,-80%,-74%,-76%,-76%,-71%,-74%,-80%,-77%,-75%,-78%,-76%,-63%,-60%,-63%,-65%,-65%,-70%,-67%,-62%,-64%,-67%,-63%,-64%,-61%,-61%,-60%,-57%,-65%,-66%,-62%,-58%,-53%,-43%,-39%,-38%,-28%,-9%,-19%,-7%,-18%,-4%,2%,-2%,12%,3%,-8%,-15%,5%,3%,2%,17%,0%,3%,-10%,-8%,4%,4%,5%,-5%,-27%,10%,-9%
Beach Cities Transit,"Los Angeles, USCalifornia",-71%,-71%,-70%,-75%,-71%,-64%,-67%,-78%,-74%,-78%,-72%,-74%,-68%,-66%,-72%,-72%,-76%,-74%,-76%,-69%,-70%,-78%,-77%,-79%,-75%,-77%,-73%,-72%,-80%,-83%,-80%,-80%,-80%,-75%,-76%,-82%,-79%,-81%,-83%,-81%,-73%,-71%,-75%,-74%,-72%,-75%,-73%,-69%,-69%,-76%,-74%,-70%,-71%,-69%,-64%,-65%,-64%,-62%,-54%,-60%,-55%,-23%,-32%,-40%,-27%,-9%,-23%,-8%,5%,13%,-6%,-4%,5%,6%,-8%,12%,19%,3%,-3%,9%,3%,3%,4%,5%,-3%,4%,5%,-7%,-5%,6%,-1%
Glendale Beeline,"Los Angeles, USCalifornia",-69%,-64%,-71%,-73%,-74%,-66%,-68%,-72%,-72%,-72%,-72%,-72%,-75%,-70%,-73%,-75%,-73%,-73%,-73%,-75%,-71%,-72%,-68%,-70%,-73%,-76%,-72%,-76%,-75%,-79%,-74%,-77%,-82%,-80%,-78%,-83%,-82%,-80%,-82%,-84%,-79%,-77%,-75%,-74%,-74%,-75%,-75%,-78%,-78%,-76%,-77%,-75%,-74%,-77%,-76%,-72%,-70%,-67%,-63%,-65%,-59%,-38%,-44%,-38%,-29%,-1%,-18%,-2%,0%,10%,2%,5%,9%,4%,-7%,-11%,8%,-9%,8%,5%,7%,-1%,-16%,-3%,1%,26%,9%,10%,-23%,-3%,1%
Long Beach Transit,"Los Angeles, USCalifornia",-68%,-69%,-69%,-71%,-71%,-67%,-67%,-71%,-74%,-74%,-73%,-71%,-65%,-69%,-69%,-73%,-74%,-75%,-72%,-66%,-74%,-72%,-74%,-74%,-75%,-73%,-70%,-72%,-73%,-77%,-79%,-77%,-79%,-74%,-72%,-77%,-81%,-80%,-81%,-81%,-73%,-71%,-70%,-73%,-72%,-73%,-73%,-67%,-70%,-72%,-72%,-71%,-68%,-67%,-60%,-65%,-66%,-64%,-60%,-60%,-49%,-38%,-41%,-37%,-28%,-3%,-17%,-7%,-4%,-2%,-6%,3%,12%,10%,-4%,-5%,4%,-2%,1%,13%,3%,1%,-7%,-4%,4%,10%,9%,-2%,-22%,-3%,-5%
GTrans,"Los Angeles, USCalifornia",-62%,-60%,-61%,-63%,-59%,-59%,-56%,-62%,-64%,-66%,-63%,-62%,-62%,-59%,-62%,-67%,-68%,-64%,-65%,-62%,-62%,-64%,-64%,-65%,-64%,-64%,-62%,-64%,-66%,-70%,-70%,-70%,-71%,-68%,-64%,-71%,-76%,-73%,-74%,-73%,-66%,-65%,-64%,-66%,-64%,-66%,-65%,-67%,-64%,-65%,-69%,-67%,-65%,-65%,-63%,-62%,-59%,-57%,-53%,-59%,-51%,-35%,-37%,-36%,-24%,-5%,-17%,-13%,-29%,-1%,2%,8%,16%,10%,-7%,-25%,7%,4%,6%,13%,6%,2%,-29%,4%,4%,9%,10%,-3%,-32%,-27%,0%
LA Metro - Rail,"Los Angeles, USCalifornia",-69%,-70%,-70%,-71%,-69%,-65%,-64%,-71%,-72%,-73%,-72%,-71%,-69%,-67%,-72%,-75%,-75%,-73%,-72%,-69%,-69%,-73%,-72%,-73%,-72%,-70%,-69%,-72%,-76%,-77%,-77%,-77%,-77%,-73%,-72%,-81%,-83%,-81%,-81%,-80%,-73%,-73%,-74%,-75%,-74%,-75%,-73%,-70%,-71%,-74%,-75%,-74%,-72%,-72%,-67%,-68%,-69%,-67%,-65%,-65%,-56%,-38%,-41%,-40%,-26%,-10%,-21%,-9%,-2%,3%,-5%,0%,6%,3%,-6%,0%,7%,-2%,0%,8%,3%,4%,-3%,6%,2%,7%,5%,-2%,-22%,2%,1%
ART,"Los Angeles, USCalifornia",-64%,-69%,-69%,-69%,-67%,-72%,-67%,-65%,-72%,-71%,-69%,-69%,-77%,-73%,-65%,-71%,-73%,-74%,-75%,-76%,-76%,-73%,-72%,-69%,-73%,-72%,-74%,-74%,-72%,-75%,-71%,-74%,-76%,-78%,-76%,-77%,-83%,-82%,-84%,-87%,-87%,-84%,-80%,-82%,-75%,-70%,-67%,-75%,-71%,-63%,-63%,-59%,-52%,-55%,-61%,-55%,-63%,-69%,-58%,-58%,-54%,-45%,-34%,-36%,-18%,2%,-17%,-4%,-5%,6%,-3%,2%,8%,2%,-8%,-13%,6%,-3%,3%,17%,-2%,-5%,-7%,-3%,9%,16%,13%,-1%,-26%,6%,-5%
Metrolink,"Los Angeles, USCalifornia",-62%,-63%,-64%,-67%,-63%,-59%,-59%,-64%,-62%,-64%,-63%,-64%,-60%,-61%,-65%,-68%,-68%,-68%,-66%,-65%,-65%,-68%,-66%,-65%,-67%,-65%,-61%,-67%,-70%,-72%,-69%,-70%,-70%,-69%,-66%,-74%,-74%,-73%,-73%,-73%,-62%,-63%,-63%,-66%,-65%,-66%,-65%,-63%,-62%,-64%,-64%,-64%,-60%,-59%,-56%,-57%,-64%,-64%,-59%,-58%,-53%,-35%,-39%,-38%,-27%,-8%,-19%,-5%,-7%,9%,0%,2%,10%,5%,-6%,-4%,11%,1%,1%,15%,2%,-5%,-5%,3%,5%,8%,4%,-5%,-19%,3%,1%
OCTA,"Los Angeles, USCalifornia",-75%,-76%,-76%,-77%,-72%,-66%,-70%,-74%,-77%,-77%,-76%,-74%,-68%,-72%,-75%,-79%,-80%,-79%,-76%,-71%,-75%,-78%,-79%,-78%,-79%,-77%,-69%,-74%,-78%,-81%,-80%,-80%,-79%,-72%,-75%,-80%,-84%,-82%,-82%,-81%,-73%,-75%,-76%,-79%,-76%,-78%,-73%,-71%,-72%,-75%,-74%,-73%,-69%,-67%,-64%,-64%,-63%,-66%,-59%,-55%,-48%,-36%,-34%,-32%,-25%,-2%,-18%,-5%,-9%,0%,-2%,0%,9%,2%,-4%,-10%,4%,-2%,-1%,10%,0%,6%,-7%,-3%,3%,11%,8%,-2%,-25%,-1%,-1%
Culver CityBus,"Los Angeles, USCalifornia",-78%,-77%,-79%,-79%,-78%,-74%,-75%,-81%,-82%,-82%,-81%,-79%,-73%,-75%,-82%,-83%,-82%,-81%,-81%,-76%,-76%,-83%,-82%,-83%,-80%,-80%,-75%,-80%,-84%,-84%,-83%,-84%,-81%,-79%,-79%,-85%,-85%,-84%,-85%,-83%,-77%,-78%,-80%,-80%,-78%,-80%,-77%,-77%,-76%,-79%,-79%,-78%,-77%,-78%,-75%,-74%,-73%,-72%,-70%,-70%,-63%,-42%,-43%,-43%,-28%,-18%,-25%,-11%,-4%,3%,-8%,0%,2%,4%,-5%,4%,9%,-2%,-2%,6%,4%,8%,-8%,7%,1%,3%,5%,1%,-24%,2%,0%
Pasadena Transit,"Los Angeles, USCalifornia",-77%,-76%,-75%,-78%,-80%,-69%,-72%,-77%,-77%,-76%,-76%,-74%,-75%,-75%,-79%,-79%,-80%,-78%,-77%,-73%,-76%,-77%,-74%,-76%,-76%,-74%,-69%,-77%,-80%,-81%,-82%,-81%,-82%,-77%,-74%,-83%,-84%,-83%,-83%,-83%,-77%,-78%,-79%,-80%,-81%,-82%,-79%,-78%,-79%,-80%,-81%,-78%,-80%,-77%,-70%,-72%,-72%,-71%,-70%,-68%,-64%,-48%,-50%,-43%,-32%,-8%,-21%,-10%,-8%,10%,-4%,6%,4%,4%,-3%,-19%,0%,-1%,11%,14%,3%,11%,-23%,-9%,10%,16%,13%,-1%,-28%,-21%,-4%
TARC,"Louisville, USKentucky",-71%,-66%,-72%,-69%,-69%,-61%,-67%,-71%,-69%,-69%,-72%,-65%,-65%,-66%,-66%,-73%,-76%,-70%,-72%,-72%,-71%,-69%,-76%,-70%,-68%,-67%,-60%,-66%,-73%,-72%,-70%,-73%,-71%,-65%,-66%,-64%,-67%,-66%,-65%,-61%,-48%,-60%,-60%,-64%,-65%,-65%,-62%,-52%,-58%,-67%,-64%,-59%,-56%,-46%,-45%,-48%,-31%,-46%,-44%,-37%,-32%,-21%,-31%,-12%,-9%,1%,-4%,-5%,-5%,-6%,-5%,12%,8%,5%,0%,9%,-8%,-1%,1%,4%,5%,-2%,1%,7%,-4%,2%,1%,0%,-1%,6%,-5%
Madison Metro,"Madison, USWisconsin",-91%,-91%,-92%,-92%,-93%,-84%,-86%,-92%,-92%,-92%,-92%,-93%,-83%,-85%,-90%,-95%,-93%,-94%,-94%,-88%,-88%,-93%,-93%,-95%,-94%,-92%,-85%,-88%,-93%,-94%,-92%,-93%,-93%,-90%,-88%,-92%,-93%,-93%,-92%,-92%,-87%,-87%,-94%,-95%,-95%,-94%,-94%,-86%,-87%,-92%,-92%,-91%,-91%,-88%,-77%,-77%,-88%,-87%,-86%,-79%,-75%,-46%,-37%,-24%,-8%,-9%,-3%,15%,14%,10%,-1%,-9%,-15%,-14%,-11%,-3%,-5%,-9%,-7%,-7%,-8%,-10%,3%,8%,0%,6%,-6%,2%,15%,7%,19%
Palm Tran,"Miami, USFlorida",-50%,-51%,-52%,-52%,-53%,-52%,-48%,-51%,-56%,-50%,-52%,-49%,-33%,-49%,-49%,-59%,-55%,-58%,-55%,-37%,-47%,-51%,-58%,-57%,-54%,-52%,-28%,-50%,-56%,-60%,-57%,-55%,-54%,-50%,-49%,-56%,-59%,-56%,-56%,-54%,-44%,-49%,-53%,-51%,-47%,-49%,-42%,-42%,-46%,-40%,-42%,-35%,-27%,-43%,-37%,-39%,-40%,-42%,-36%,-25%,-24%,-5%,-10%,-9%,-6%,-3%,0%,-2%,-7%,1%,-4%,-4%,5%,-3%,-9%,10%,-2%,-9%,-2%,2%,3%,5%,14%,-3%,-4%,-4%,9%,4%,1%,6%,0%
Miami-Dade Transit,"Miami, USFlorida",-65%,-63%,-58%,-60%,-60%,-63%,-61%,-62%,-63%,-61%,-61%,-59%,-59%,-59%,-59%,-66%,-64%,-65%,-64%,-62%,-62%,-64%,-64%,-65%,-67%,-66%,-59%,-61%,-64%,-67%,-67%,-67%,-66%,-64%,-65%,-64%,-67%,-65%,-65%,-65%,-65%,-63%,-62%,-61%,-60%,-61%,-60%,-60%,-66%,-58%,-54%,-56%,-54%,-49%,-56%,-54%,-47%,-48%,-42%,-32%,-30%,-11%,-13%,-8%,-7%,-1%,7%,-1%,-8%,-2%,-4%,0%,6%,7%,0%,0%,2%,-2%,-6%,1%,2%,4%,2%,0%,-3%,-1%,5%,5%,-6%,-1%,-4%
Tri-Rail,"Miami, USFlorida",-47%,-46%,-47%,-46%,-45%,-48%,-44%,-48%,-47%,-43%,-47%,-38%,-40%,-48%,-47%,-55%,-52%,-56%,-53%,-44%,-49%,-53%,-56%,-51%,-50%,-50%,-39%,-53%,-56%,-56%,-55%,-53%,-50%,-47%,-51%,-52%,-53%,-52%,-52%,-49%,-44%,-41%,-46%,-43%,-40%,-40%,-37%,-45%,-51%,-42%,-38%,-31%,-30%,-40%,-40%,-40%,-41%,-43%,-37%,-26%,-27%,-4%,-10%,-9%,-5%,-3%,-2%,-1%,3%,5%,-2%,7%,11%,6%,-4%,8%,7%,-6%,6%,8%,3%,7%,8%,-3%,-8%,-3%,10%,-2%,-4%,3%,-7%
Broward County Transit,"Miami, USFlorida",-60%,-56%,-55%,-53%,-52%,-55%,-51%,-56%,-53%,-51%,-53%,-48%,-50%,-54%,-52%,-58%,-54%,-57%,-56%,-49%,-55%,-59%,-58%,-59%,-61%,-59%,-53%,-56%,-59%,-62%,-63%,-60%,-59%,-64%,-74%,-56%,-58%,-56%,-57%,-56%,-61%,-67%,-52%,-50%,-49%,-50%,-50%,-53%,-57%,-50%,-47%,-51%,-49%,-47%,-48%,-49%,-43%,-47%,-42%,-31%,-28%,-19%,-15%,-11%,-12%,-7%,-1%,-6%,-9%,-6%,1%,2%,8%,10%,-1%,2%,-1%,-2%,-1%,3%,7%,1%,-3%,-6%,-2%,3%,8%,5%,-2%,-9%,-9%
MCTS,"Milwaukee County, USWisconsin",-60%,-62%,-60%,-59%,-60%,-45%,-49%,-62%,-62%,-63%,-59%,-57%,-44%,-47%,-60%,-58%,-66%,-63%,-62%,-44%,-51%,-60%,-56%,-59%,-60%,-55%,-43%,-52%,-60%,-57%,-59%,-60%,-56%,-46%,-53%,-60%,-59%,-58%,-56%,-56%,-43%,-51%,-56%,-59%,-58%,-59%,-61%,-50%,-59%,-66%,-65%,-63%,-58%,-54%,-51%,-54%,-53%,-57%,-51%,-46%,-31%,-11%,-15%,-8%,-6%,-6%,0%,0%,1%,5%,-3%,-1%,1%,-1%,0%,5%,8%,0%,-9%,-3%,-5%,13%,4%,7%,2%,-12%,1%,3%,-7%,10%,6%
Metro Transit,"Minneapolis-Saint Paul, USMinnesota",-74%,-77%,-78%,-76%,-75%,-68%,-72%,-77%,-78%,-78%,-77%,-75%,-62%,-66%,-76%,-77%,-76%,-81%,-74%,-63%,-68%,-76%,-77%,-78%,-77%,-74%,-61%,-65%,-76%,-76%,-79%,-79%,-77%,-73%,-68%,-76%,-75%,-77%,-75%,-75%,-62%,-67%,-75%,-75%,-76%,-76%,-74%,-68%,-72%,-70%,-70%,-71%,-68%,-70%,-60%,-60%,-66%,-71%,-65%,-58%,-45%,-23%,-19%,-23%,-20%,-16%,-16%,-13%,3%,-5%,-11%,-7%,-11%,-8%,-4%,4%,-2%,-10%,-8%,0%,-5%,6%,7%,0%,-4%,-10%,0%,-2%,-14%,3%,8%
Monterey-Salinas Transit,"Monterey, USCalifornia",-91%,-88%,-89%,-89%,-89%,-89%,-93%,-91%,-89%,-92%,-91%,-91%,-91%,-93%,-93%,-92%,-92%,-90%,-92%,-91%,-92%,-92%,-94%,-94%,-93%,-92%,-92%,-93%,-92%,-93%,-92%,-92%,-91%,-93%,-93%,-91%,-91%,-91%,-92%,-89%,-94%,-89%,-89%,-90%,-88%,-88%,-87%,-88%,-89%,-88%,-87%,-86%,-83%,-76%,-78%,-79%,-74%,-74%,-74%,-66%,-50%,-47%,-42%,-28%,-21%,-14%,-14%,-6%,-22%,-21%,3%,4%,11%,15%,13%,-16%,-8%,2%,19%,14%,16%,6%,-17%,-11%,-5%,2%,7%,6%,-19%,-12%,-12%
exo Laurentides,"Montréal, CANQuebec",-87%,-84%,-82%,-81%,-80%,-82%,-84%,-89%,-87%,-86%,-86%,-84%,-82%,-82%,-87%,-89%,-87%,-88%,-87%,-85%,-86%,-90%,-89%,-88%,-89%,-86%,-87%,-85%,-90%,-90%,-89%,-89%,-89%,-86%,-85%,-88%,-90%,-88%,-87%,-88%,-84%,-84%,-88%,-89%,-83%,-84%,-80%,-81%,-84%,-88%,-88%,-86%,-82%,-78%,-71%,-74%,-82%,-77%,-75%,-69%,-53%,-33%,-38%,-41%,-13%,-6%,-6%,3%,24%,11%,-19%,-15%,-9%,-8%,-4%,34%,10%,3%,-7%,3%,-4%,0%,21%,9%,-6%,-8%,16%,2%,6%,22%,7%
exo Le Richelain,"Montréal, CANQuebec",-88%,-85%,-86%,-85%,-85%,-87%,-86%,-89%,-88%,-85%,-85%,-86%,-87%,-85%,-88%,-89%,-87%,-87%,-88%,-88%,-88%,-90%,-90%,-90%,-91%,-87%,-90%,-88%,-91%,-91%,-90%,-90%,-90%,-90%,-91%,-92%,-90%,-89%,-91%,-90%,-89%,-87%,-88%,-88%,-84%,-84%,-84%,-87%,-87%,-92%,-90%,-89%,-87%,-86%,-80%,-80%,-83%,-80%,-78%,-71%,-63%,-38%,-37%,-28%,-8%,0%,6%,3%,4%,11%,9%,7%,5%,9%,4%,23%,10%,9%,-1%,5%,-1%,-5%,5%,1%,-3%,-2%,16%,3%,5%,23%,4%
CRTL - Lanaudière,"Montréal, CANQuebec",-85%,-77%,-75%,-77%,-75%,-76%,-72%,-79%,-80%,-81%,-81%,-79%,-79%,-72%,-80%,-82%,-83%,-80%,-80%,-77%,-75%,-84%,-84%,-81%,-80%,-78%,-80%,-76%,-81%,-83%,-82%,-79%,-72%,-77%,-74%,-71%,-83%,-80%,-83%,-79%,-77%,-76%,-76%,-82%,-79%,-76%,-70%,-71%,-77%,-83%,-83%,-83%,-77%,-76%,-63%,-63%,-73%,-70%,-70%,-64%,-58%,-30%,-32%,-36%,-11%,1%,-9%,4%,20%,14%,-5%,-2%,2%,-2%,9%,19%,8%,1%,-10%,1%,-2%,6%,20%,6%,-7%,-7%,12%,-3%,2%,16%,11%
exo Haut-Saint-Laurent,"Montréal, CANQuebec",-84%,-83%,-82%,-81%,-80%,-82%,-80%,-85%,-85%,-84%,-83%,-83%,-84%,-83%,-85%,-86%,-84%,-85%,-82%,-84%,-83%,-86%,-87%,-87%,-87%,-84%,-85%,-83%,-86%,-88%,-88%,-87%,-86%,-86%,-84%,-86%,-89%,-89%,-88%,-86%,-86%,-84%,-86%,-87%,-84%,-83%,-82%,-84%,-84%,-88%,-88%,-87%,-84%,-83%,-73%,-79%,-80%,-77%,-75%,-70%,-57%,-38%,-39%,-31%,-7%,-7%,-2%,5%,0%,6%,-12%,-7%,-7%,-10%,-6%,17%,6%,6%,13%,14%,6%,-1%,-7%,2%,-3%,-3%,19%,2%,-2%,5%,-1%
exo La Presqu'Île,"Montréal, CANQuebec",-90%,-88%,-89%,-88%,-84%,-85%,-86%,-92%,-91%,-91%,-91%,-89%,-83%,-85%,-91%,-93%,-92%,-92%,-90%,-86%,-86%,-91%,-94%,-92%,-90%,-89%,-87%,-87%,-91%,-92%,-92%,-89%,-84%,-86%,-86%,-88%,-93%,-91%,-92%,-91%,-86%,-85%,-91%,-92%,-91%,-90%,-87%,-83%,-85%,-90%,-89%,-89%,-85%,-83%,-75%,-78%,-83%,-81%,-79%,-76%,-67%,-44%,-39%,-31%,4%,7%,12%,7%,9%,3%,-22%,-18%,-20%,-16%,-9%,19%,8%,10%,6%,10%,10%,12%,5%,3%,-3%,-4%,27%,4%,4%,5%,5%
exo Roussillon,"Montréal, CANQuebec",-97%,-97%,-97%,-96%,-95%,-92%,-94%,-97%,-97%,-96%,-96%,-95%,-92%,-94%,-97%,-97%,-97%,-96%,-96%,-92%,-95%,-97%,-97%,-97%,-97%,-95%,-93%,-94%,-97%,-97%,-97%,-96%,-96%,-93%,-94%,-96%,-97%,-97%,-97%,-96%,-92%,-93%,-96%,-96%,-95%,-94%,-91%,-88%,-88%,-90%,-89%,-87%,-83%,-83%,-82%,-82%,-82%,-79%,-75%,-70%,-58%,-44%,-40%,-26%,0%,4%,12%,9%,-6%,5%,0%,-2%,0%,5%,4%,1%,0%,12%,8%,13%,5%,1%,-17%,-7%,0%,-2%,23%,8%,5%,-7%,-8%
Saint-Jean-sur-Richelieu,"Montréal, CANQuebec",-89%,-88%,-89%,-89%,-87%,-90%,-88%,-90%,-89%,-88%,-88%,-89%,-90%,-90%,-90%,-91%,-90%,-90%,-89%,-90%,-91%,-92%,-91%,-91%,-93%,-89%,-91%,-90%,-92%,-93%,-91%,-91%,-92%,-91%,-90%,-91%,-90%,-89%,-91%,-91%,-91%,-88%,-88%,-88%,-84%,-84%,-85%,-87%,-88%,-91%,-89%,-87%,-84%,-85%,-81%,-80%,-82%,-79%,-75%,-70%,-58%,-47%,-41%,-37%,-11%,-5%,1%,6%,1%,11%,5%,5%,5%,8%,4%,7%,3%,6%,-1%,4%,4%,-2%,-7%,-5%,-1%,0%,19%,2%,4%,10%,-3%
STM,"Montréal, CANQuebec",-83%,-82%,-81%,-81%,-78%,-82%,-79%,-83%,-83%,-83%,-83%,-81%,-82%,-79%,-83%,-85%,-84%,-84%,-82%,-84%,-81%,-84%,-84%,-85%,-85%,-81%,-85%,-82%,-84%,-86%,-85%,-85%,-83%,-85%,-83%,-85%,-86%,-86%,-86%,-84%,-85%,-83%,-84%,-85%,-83%,-84%,-80%,-81%,-83%,-85%,-85%,-84%,-79%,-78%,-73%,-73%,-76%,-73%,-70%,-66%,-58%,-38%,-35%,-32%,-9%,-2%,-1%,-1%,-4%,1%,-9%,-8%,-7%,-6%,-7%,12%,7%,5%,1%,2%,0%,1%,5%,3%,-3%,-9%,13%,4%,4%,10%,5%
RTL,"Montréal, CANQuebec",-87%,-86%,-85%,-84%,-82%,-84%,-83%,-87%,-86%,-84%,-85%,-85%,-83%,-81%,-86%,-88%,-86%,-86%,-85%,-86%,-84%,-88%,-88%,-88%,-88%,-85%,-87%,-84%,-88%,-89%,-88%,-89%,-88%,-86%,-86%,-89%,-89%,-88%,-88%,-86%,-86%,-85%,-87%,-87%,-85%,-85%,-80%,-82%,-83%,-88%,-87%,-86%,-82%,-81%,-74%,-73%,-79%,-74%,-72%,-67%,-59%,-36%,-36%,-33%,-9%,-3%,1%,2%,-3%,2%,-3%,-5%,-4%,0%,-2%,10%,5%,7%,-4%,1%,2%,3%,2%,1%,-3%,-8%,14%,4%,8%,14%,6%
STL,"Montréal, CANQuebec",-83%,-82%,-81%,-81%,-77%,-81%,-79%,-84%,-83%,-83%,-83%,-81%,-80%,-79%,-84%,-86%,-84%,-85%,-83%,-83%,-81%,-85%,-86%,-85%,-85%,-82%,-85%,-82%,-85%,-86%,-85%,-83%,-82%,-83%,-82%,-82%,-86%,-85%,-84%,-84%,-83%,-82%,-84%,-84%,-81%,-82%,-79%,-78%,-80%,-85%,-84%,-83%,-79%,-77%,-69%,-69%,-76%,-71%,-69%,-65%,-54%,-36%,-34%,-35%,-7%,-4%,-5%,1%,4%,7%,-8%,-4%,-2%,0%,-5%,18%,9%,5%,-4%,2%,0%,1%,8%,7%,-4%,-8%,14%,2%,3%,10%,7%
exo Sud-Ouest,"Montréal, CANQuebec",-84%,-81%,-80%,-81%,-81%,-83%,-80%,-84%,-84%,-82%,-83%,-83%,-84%,-83%,-84%,-85%,-84%,-84%,-83%,-84%,-84%,-86%,-86%,-85%,-86%,-84%,-86%,-84%,-86%,-87%,-86%,-84%,-83%,-86%,-84%,-84%,-88%,-88%,-87%,-85%,-86%,-85%,-86%,-87%,-83%,-83%,-81%,-83%,-84%,-87%,-86%,-85%,-80%,-81%,-74%,-75%,-77%,-75%,-70%,-65%,-54%,-37%,-40%,-33%,-7%,-5%,-1%,1%,2%,4%,-13%,-7%,-4%,-1%,-4%,14%,4%,5%,6%,10%,3%,0%,-4%,1%,-3%,-5%,18%,3%,1%,4%,0%
exo - Trains,"Montréal, CANQuebec",-87%,-86%,-84%,-83%,-79%,-83%,-83%,-85%,-85%,-85%,-85%,-83%,-83%,-83%,-86%,-87%,-86%,-86%,-85%,-85%,-84%,-86%,-88%,-87%,-87%,-84%,-85%,-83%,-85%,-88%,-87%,-86%,-82%,-87%,-89%,-90%,-88%,-87%,-88%,-86%,-85%,-85%,-87%,-86%,-85%,-84%,-82%,-83%,-85%,-88%,-87%,-86%,-82%,-81%,-75%,-77%,-79%,-76%,-73%,-69%,-59%,-44%,-40%,-34%,-8%,-2%,-1%,3%,0%,0%,-7%,-3%,-1%,-1%,0%,8%,1%,5%,0%,5%,5%,3%,-1%,-1%,-1%,-5%,19%,6%,7%,3%,-3%
exo Terrebonne-Mascouche,"Montréal, CANQuebec",-86%,-83%,-82%,-81%,-77%,-77%,-80%,-85%,-84%,-85%,-84%,-81%,-77%,-79%,-85%,-87%,-86%,-85%,-82%,-79%,-79%,-86%,-87%,-87%,-86%,-82%,-81%,-81%,-86%,-88%,-87%,-85%,-79%,-82%,-81%,-83%,-89%,-86%,-87%,-83%,-81%,-81%,-85%,-86%,-83%,-84%,-78%,-75%,-78%,-84%,-82%,-81%,-76%,-75%,-64%,-67%,-76%,-70%,-68%,-64%,-55%,-30%,-30%,-33%,-4%,1%,1%,1%,6%,5%,-10%,-3%,-2%,-3%,-4%,18%,7%,4%,-4%,6%,3%,3%,9%,9%,-5%,-2%,17%,2%,-1%,8%,8%
exo Vallée-du-Richelieu,"Montréal, CANQuebec",-89%,-87%,-86%,-85%,-83%,-84%,-84%,-89%,-88%,-86%,-86%,-84%,-84%,-85%,-89%,-89%,-87%,-87%,-86%,-85%,-85%,-91%,-92%,-91%,-91%,-86%,-90%,-88%,-90%,-92%,-91%,-91%,-89%,-87%,-89%,-92%,-91%,-91%,-92%,-89%,-86%,-85%,-89%,-89%,-87%,-86%,-83%,-86%,-85%,-92%,-90%,-90%,-86%,-82%,-77%,-76%,-83%,-77%,-75%,-71%,-60%,-34%,-37%,-29%,-6%,-1%,12%,6%,1%,8%,3%,-5%,0%,2%,2%,6%,3%,13%,-2%,2%,0%,0%,8%,6%,-3%,-3%,14%,5%,15%,17%,4%
exo Sorel-Varennes,"Montréal, CANQuebec",-88%,-86%,-83%,-83%,-83%,-84%,-81%,-87%,-86%,-85%,-84%,-80%,-82%,-81%,-85%,-87%,-85%,-86%,-86%,-86%,-86%,-89%,-90%,-90%,-88%,-86%,-89%,-87%,-90%,-90%,-90%,-91%,-87%,-88%,-90%,-90%,-90%,-89%,-88%,-87%,-87%,-84%,-88%,-87%,-84%,-82%,-80%,-83%,-84%,-91%,-89%,-85%,-83%,-76%,-72%,-73%,-77%,-69%,-67%,-67%,-59%,-39%,-39%,-24%,-6%,7%,14%,7%,5%,14%,7%,3%,6%,11%,10%,15%,8%,11%,-5%,4%,-2%,-2%,1%,3%,-4%,0%,15%,11%,14%,8%,6%
exo L'Assomption,"Montréal, CANQuebec",-80%,-78%,-77%,-74%,-73%,-79%,-75%,-78%,-79%,-77%,-78%,-78%,-78%,-74%,-79%,-83%,-81%,-80%,-80%,-81%,-78%,-82%,-81%,-81%,-81%,-76%,-81%,-78%,-80%,-82%,-80%,-79%,-77%,-82%,-81%,-80%,-82%,-83%,-82%,-79%,-81%,-80%,-81%,-81%,-78%,-77%,-74%,-77%,-80%,-82%,-81%,-80%,-75%,-74%,-64%,-66%,-71%,-66%,-62%,-58%,-48%,-33%,-33%,-35%,-14%,-2%,-4%,4%,-3%,1%,-3%,-3%,1%,-3%,4%,12%,11%,3%,-3%,-1%,2%,5%,7%,8%,-1%,-4%,2%,3%,3%,9%,5%
NY Waterway,"NYC, USNew York",-74%,-74%,-73%,-76%,-76%,-81%,-81%,-76%,-74%,-72%,-72%,-71%,-73%,-79%,-74%,-77%,-74%,-74%,-77%,-81%,-79%,-77%,-75%,-73%,-73%,-72%,-81%,-79%,-72%,-75%,-74%,-72%,-75%,-80%,-77%,-74%,-74%,-70%,-71%,-73%,-79%,-77%,-67%,-64%,-61%,-59%,-61%,-73%,-73%,-68%,-68%,-65%,-64%,-66%,-67%,-63%,-57%,-57%,-51%,-53%,-51%,-46%,-39%,-35%,-30%,-19%,-11%,-13%,-12%,-5%,-10%,-8%,-6%,-4%,-9%,-8%,-8%,-7%,-3%,-1%,3%,5%,1%,-3%,-5%,-3%,1%,10%,11%,-7%,-13%
Long Island Rail Road,"NYC, USNew York",-70%,-70%,-70%,-70%,-70%,-69%,-75%,-71%,-71%,-71%,-70%,-67%,-65%,-72%,-70%,-73%,-71%,-71%,-72%,-73%,-73%,-73%,-71%,-72%,-72%,-71%,-72%,-74%,-69%,-70%,-71%,-70%,-74%,-71%,-72%,-70%,-70%,-69%,-69%,-66%,-67%,-71%,-69%,-70%,-68%,-69%,-66%,-65%,-69%,-67%,-69%,-69%,-63%,-64%,-53%,-55%,-54%,-51%,-50%,-53%,-45%,-28%,-30%,-26%,-22%,-16%,-11%,2%,3%,3%,-4%,-5%,-4%,-3%,1%,1%,0%,1%,0%,1%,-2%,4%,3%,-1%,-7%,-6%,-1%,-1%,5%,2%,-4%
MTA - NYC Bus Company,"NYC, USNew York",-70%,-71%,-71%,-71%,-70%,-67%,-74%,-73%,-72%,-72%,-71%,-69%,-65%,-72%,-71%,-73%,-72%,-72%,-70%,-71%,-72%,-72%,-72%,-73%,-73%,-70%,-70%,-74%,-70%,-72%,-72%,-72%,-73%,-69%,-71%,-72%,-73%,-73%,-72%,-70%,-67%,-72%,-71%,-71%,-68%,-70%,-67%,-65%,-70%,-68%,-71%,-71%,-68%,-71%,-61%,-62%,-63%,-60%,-58%,-56%,-49%,-31%,-32%,-27%,-20%,-13%,-11%,4%,-6%,-4%,-3%,-3%,-2%,-2%,6%,0%,-1%,3%,3%,5%,2%,14%,0%,-2%,-11%,-7%,-4%,-8%,-8%,-1%,-6%
MTA - Staten Island Buses,"NYC, USNew York",-79%,-79%,-80%,-80%,-78%,-77%,-82%,-81%,-80%,-80%,-79%,-76%,-73%,-79%,-80%,-82%,-80%,-80%,-78%,-79%,-80%,-81%,-80%,-80%,-80%,-77%,-78%,-81%,-78%,-80%,-79%,-77%,-77%,-76%,-76%,-76%,-77%,-76%,-76%,-75%,-73%,-76%,-74%,-73%,-72%,-73%,-72%,-73%,-76%,-73%,-75%,-76%,-74%,-77%,-70%,-70%,-69%,-67%,-65%,-61%,-53%,-39%,-38%,-34%,-24%,-15%,-10%,3%,-10%,-7%,-5%,-4%,0%,-2%,3%,-3%,-3%,1%,2%,4%,2%,13%,-2%,-3%,-6%,-2%,0%,-3%,-4%,-4%,-8%
Bee-Line,"NYC, USNew York",-77%,-78%,-78%,-77%,-73%,-64%,-73%,-74%,-72%,-71%,-70%,-68%,-60%,-70%,-72%,-75%,-74%,-72%,-70%,-69%,-69%,-73%,-73%,-73%,-73%,-68%,-66%,-70%,-69%,-71%,-72%,-71%,-72%,-64%,-66%,-68%,-71%,-71%,-70%,-65%,-62%,-67%,-69%,-68%,-65%,-67%,-63%,-61%,-67%,-68%,-68%,-65%,-62%,-66%,-49%,-53%,-58%,-55%,-51%,-54%,-47%,-29%,-33%,-28%,-21%,-13%,-10%,7%,-7%,-5%,-4%,-3%,0%,-2%,10%,0%,-1%,3%,3%,7%,6%,20%,0%,-3%,-11%,-7%,-4%,-12%,-15%,-3%,-9%
MTA - Queens Buses,"NYC, USNew York",-73%,-73%,-73%,-73%,-73%,-71%,-76%,-75%,-74%,-74%,-73%,-72%,-69%,-75%,-74%,-76%,-75%,-74%,-74%,-75%,-75%,-75%,-75%,-75%,-76%,-74%,-74%,-77%,-73%,-75%,-75%,-75%,-76%,-73%,-75%,-74%,-75%,-75%,-75%,-73%,-72%,-76%,-74%,-74%,-72%,-73%,-71%,-69%,-74%,-71%,-73%,-74%,-70%,-72%,-61%,-64%,-64%,-61%,-59%,-57%,-48%,-31%,-32%,-28%,-21%,-13%,-10%,5%,-4%,-2%,-3%,-4%,-2%,-3%,5%,0%,-1%,2%,3%,5%,2%,11%,-1%,-3%,-10%,-7%,-3%,-7%,-5%,0%,-5%
PATH,"NYC, USNew Jersey, New York",-76%,-75%,-75%,-75%,-73%,-75%,-79%,-77%,-75%,-75%,-74%,-71%,-71%,-77%,-76%,-78%,-76%,-75%,-74%,-78%,-79%,-78%,-76%,-75%,-75%,-73%,-77%,-80%,-75%,-76%,-75%,-76%,-77%,-78%,-79%,-76%,-76%,-74%,-74%,-72%,-74%,-77%,-72%,-69%,-67%,-66%,-65%,-71%,-76%,-71%,-74%,-75%,-71%,-72%,-70%,-70%,-67%,-65%,-61%,-57%,-48%,-37%,-34%,-32%,-25%,-16%,-11%,-2%,-3%,-3%,-4%,-5%,-3%,-4%,-2%,1%,0%,-3%,-2%,0%,-1%,0%,1%,0%,0%,2%,6%,2%,8%,5%,-3%
MTA - Brooklyn Buses,"NYC, USNew York",-72%,-72%,-72%,-72%,-72%,-69%,-76%,-74%,-73%,-73%,-72%,-71%,-68%,-73%,-71%,-74%,-72%,-72%,-71%,-72%,-74%,-73%,-73%,-74%,-75%,-71%,-71%,-76%,-71%,-73%,-74%,-73%,-75%,-70%,-74%,-74%,-74%,-74%,-74%,-72%,-69%,-74%,-72%,-73%,-70%,-71%,-69%,-66%,-72%,-69%,-72%,-73%,-69%,-73%,-64%,-65%,-65%,-62%,-60%,-57%,-50%,-33%,-33%,-27%,-21%,-13%,-12%,3%,-4%,-2%,-3%,-4%,-2%,-3%,5%,0%,-1%,3%,3%,4%,1%,13%,0%,-3%,-10%,-8%,-4%,-7%,-8%,-1%,-6%
MTA - Manhattan Buses,"NYC, USNew York",-78%,-78%,-78%,-78%,-77%,-77%,-81%,-80%,-78%,-78%,-77%,-75%,-75%,-80%,-78%,-80%,-78%,-78%,-77%,-79%,-80%,-79%,-79%,-79%,-79%,-76%,-78%,-82%,-78%,-78%,-78%,-78%,-78%,-76%,-78%,-77%,-77%,-77%,-77%,-75%,-75%,-79%,-76%,-75%,-73%,-74%,-72%,-73%,-77%,-73%,-76%,-76%,-74%,-77%,-73%,-74%,-71%,-68%,-65%,-61%,-53%,-42%,-40%,-34%,-26%,-16%,-12%,-1%,-8%,-5%,-4%,-5%,-3%,-3%,0%,-2%,-2%,0%,1%,2%,3%,10%,1%,-2%,-5%,-2%,1%,-6%,-4%,0%,-5%
MTA - NYC Subway,"NYC, USNew York",-73%,-73%,-73%,-73%,-72%,-69%,-76%,-75%,-74%,-73%,-72%,-70%,-68%,-73%,-72%,-75%,-73%,-73%,-72%,-72%,-74%,-74%,-75%,-75%,-76%,-72%,-72%,-76%,-73%,-75%,-75%,-75%,-76%,-72%,-76%,-76%,-77%,-77%,-76%,-74%,-71%,-76%,-75%,-75%,-73%,-73%,-70%,-68%,-73%,-71%,-74%,-75%,-71%,-75%,-66%,-67%,-67%,-65%,-62%,-58%,-49%,-32%,-33%,-28%,-21%,-13%,-11%,3%,-6%,-3%,-3%,-3%,-2%,-2%,5%,-1%,-2%,3%,3%,5%,2%,14%,-1%,-3%,-9%,-6%,-4%,-8%,-9%,-2%,-7%
NICE Bus,"NYC, USNew York",-68%,-69%,-69%,-70%,-69%,-64%,-71%,-70%,-70%,-71%,-70%,-68%,-61%,-68%,-68%,-72%,-71%,-69%,-65%,-64%,-69%,-70%,-69%,-71%,-71%,-65%,-63%,-71%,-68%,-70%,-71%,-69%,-70%,-66%,-70%,-71%,-72%,-71%,-71%,-68%,-66%,-70%,-72%,-72%,-70%,-72%,-69%,-65%,-69%,-68%,-70%,-70%,-66%,-69%,-56%,-57%,-58%,-57%,-54%,-52%,-43%,-25%,-25%,-23%,-19%,-15%,-11%,1%,-5%,-3%,-4%,-3%,-3%,-3%,4%,-1%,0%,3%,3%,4%,0%,9%,0%,-2%,-8%,-9%,-3%,-2%,-3%,1%,-4%
Suffolk County Transit,"NYC, USNew York",-63%,-61%,-62%,-61%,-65%,-56%,-68%,-68%,-64%,-67%,-64%,-62%,-62%,-64%,-64%,-72%,-67%,-69%,-75%,-77%,-61%,-68%,-68%,-73%,-71%,-71%,-74%,-72%,-68%,-65%,-70%,-73%,-80%,-75%,-70%,-67%,-66%,-65%,-63%,-63%,-67%,-71%,-73%,-66%,-66%,-68%,-68%,-69%,-66%,-60%,-64%,-65%,-57%,-62%,-58%,-60%,-51%,-59%,-44%,-41%,-33%,-28%,-31%,-16%,-12%,-5%,8%,8%,-2%,-3%,-3%,3%,-2%,-3%,14%,10%,11%,2%,-3%,1%,-11%,14%,9%,0%,-3%,-4%,10%,11%,12%,1%,-10%
MTA - Bronx Buses,"NYC, USNew York",-70%,-70%,-70%,-70%,-70%,-64%,-72%,-72%,-71%,-70%,-70%,-67%,-61%,-68%,-69%,-72%,-71%,-70%,-68%,-67%,-67%,-70%,-71%,-71%,-72%,-67%,-66%,-70%,-67%,-70%,-71%,-70%,-71%,-63%,-67%,-69%,-71%,-72%,-71%,-68%,-63%,-68%,-70%,-70%,-67%,-68%,-65%,-61%,-67%,-66%,-69%,-70%,-65%,-70%,-58%,-59%,-61%,-58%,-55%,-53%,-45%,-25%,-28%,-24%,-18%,-10%,-10%,9%,-4%,-4%,-2%,-2%,-1%,-3%,11%,1%,-2%,4%,3%,6%,1%,21%,2%,-1%,-13%,-9%,-6%,-8%,-12%,-1%,-8%
Metro-North Railroad,"NYC, USConnecticut, New York",-68%,-68%,-68%,-68%,-68%,-65%,-72%,-71%,-68%,-66%,-66%,-63%,-60%,-70%,-71%,-73%,-71%,-71%,-68%,-69%,-69%,-71%,-71%,-71%,-70%,-66%,-68%,-70%,-67%,-69%,-67%,-67%,-68%,-62%,-64%,-65%,-67%,-67%,-66%,-62%,-59%,-65%,-66%,-64%,-62%,-63%,-60%,-59%,-65%,-63%,-68%,-68%,-65%,-68%,-58%,-59%,-60%,-56%,-52%,-51%,-42%,-26%,-28%,-26%,-17%,-10%,-6%,7%,-2%,-2%,-2%,0%,1%,0%,10%,4%,1%,2%,1%,4%,1%,10%,4%,1%,-9%,-5%,-2%,-3%,2%,1%,-8%
BC Transit,"Nanaimo, CANBritish Columbia",-67%,-70%,-68%,-66%,-65%,-58%,-67%,-68%,-71%,-70%,-71%,-72%,-68%,-69%,-71%,-70%,-76%,-74%,-71%,-71%,-73%,-69%,-76%,-76%,-74%,-67%,-69%,-75%,-68%,-78%,-77%,-73%,-72%,-76%,-73%,-66%,-76%,-78%,-78%,-77%,-72%,-76%,-76%,-75%,-74%,-75%,-76%,-74%,-71%,-76%,-74%,-73%,-74%,-71%,-66%,-63%,-61%,-56%,-50%,-33%,-24%,-3%,-8%,-6%,1%,1%,-1%,4%,-1%,-1%,6%,9%,10%,0%,-1%,0%,-5%,-3%,-2%,-6%,-8%,7%,0%,-3%,1%,4%,12%,10%,-3%,4%,-5%
Semitan,"Nantes, FRPays-de-la-Loire",-69%,-63%,-60%,-61%,-58%,-73%,-71%,-77%,-72%,-62%,-72%,-73%,-81%,-71%,-94%,-76%,-71%,-79%,-73%,-85%,-78%,-77%,-72%,-66%,-75%,-71%,-82%,-74%,-75%,-73%,-71%,-70%,-75%,-83%,-74%,-75%,-75%,-75%,-72%,-68%,-82%,-78%,-79%,-80%,-79%,-78%,-75%,-84%,-79%,-79%,-79%,-77%,-75%,-78%,-82%,-82%,-85%,-81%,-80%,-72%,-42%,-32%,-20%,-21%,-11%,-11%,-14%,-5%,-4%,-1%,-2%,-1%,-11%,-6%,5%,1%,-7%,-15%,-18%,-17%,-15%,-12%,3%,-1%,-6%,-3%,-3%,0%,6%,9%,13%
MTA & RTA,"Nashville, USTennessee",-72%,-72%,-78%,-77%,-73%,-72%,-70%,-78%,-77%,-77%,-74%,-75%,-73%,-69%,-76%,-75%,-80%,-77%,-73%,-73%,-77%,-73%,-77%,-78%,-76%,-73%,-73%,-69%,-73%,-77%,-76%,-77%,-76%,-77%,-68%,-71%,-73%,-74%,-73%,-68%,-61%,-66%,-69%,-72%,-70%,-76%,-63%,-54%,-62%,-70%,-70%,-70%,-74%,-68%,-49%,-50%,-61%,-55%,-59%,-49%,-38%,-21%,-20%,-34%,-23%,-7%,-8%,3%,-1%,-1%,-18%,-10%,-15%,-19%,-7%,-7%,25%,-2%,-2%,5%,0%,-1%,-1%,10%,1%,-5%,0%,-1%,-9%,9%,14%
NJ Transit - Bus,"New Jersey, USNew Jersey",-69%,-68%,-69%,-66%,-65%,-63%,-70%,-71%,-68%,-67%,-69%,-67%,-60%,-68%,-70%,-72%,-66%,-66%,-70%,-69%,-70%,-71%,-71%,-70%,-70%,-66%,-66%,-72%,-67%,-71%,-71%,-69%,-74%,-70%,-71%,-71%,-69%,-71%,-70%,-68%,-67%,-71%,-68%,-65%,-66%,-64%,-59%,-63%,-66%,-64%,-64%,-66%,-62%,-65%,-57%,-58%,-55%,-55%,-51%,-47%,-37%,-26%,-24%,-22%,-16%,-13%,-11%,0%,-1%,-2%,-7%,-3%,-1%,-2%,2%,3%,-1%,-2%,-3%,2%,-3%,9%,5%,3%,-2%,-3%,3%,6%,-2%,2%,-4%
NJ Transit - Rail,"New Jersey, USNew Jersey",-68%,-68%,-68%,-63%,-59%,-64%,-70%,-71%,-65%,-60%,-67%,-64%,-61%,-67%,-69%,-69%,-56%,-59%,-68%,-69%,-70%,-71%,-69%,-68%,-66%,-63%,-67%,-71%,-66%,-69%,-68%,-68%,-72%,-69%,-69%,-68%,-66%,-69%,-67%,-65%,-68%,-70%,-64%,-61%,-60%,-56%,-54%,-62%,-65%,-64%,-65%,-67%,-64%,-65%,-59%,-59%,-53%,-54%,-50%,-47%,-38%,-26%,-24%,-23%,-17%,-15%,-10%,0%,2%,-1%,-6%,-4%,-4%,-2%,0%,4%,1%,-2%,-3%,0%,-3%,5%,10%,4%,-1%,-2%,3%,6%,3%,3%,-4%
WEGO Niagara Falls,"Niagara, CANOntario",-89%,-85%,-84%,-87%,-86%,-87%,-86%,-87%,-84%,-80%,-85%,-83%,-85%,-86%,-82%,-86%,-83%,-89%,-84%,-88%,-84%,-85%,-87%,-84%,-84%,-82%,-86%,-81%,-84%,-86%,-86%,-85%,-86%,-85%,-82%,-87%,-83%,-83%,-84%,-83%,-85%,-84%,-83%,-83%,-82%,-79%,-82%,-85%,-83%,-83%,-83%,-81%,-78%,-75%,-73%,-74%,-69%,-68%,-62%,-56%,-43%,-41%,-31%,-24%,-22%,-15%,-11%,0%,-2%,6%,-10%,-4%,-2%,-9%,4%,20%,-21%,-28%,-35%,-14%,-10%,9%,6%,3%,7%,1%,3%,33%,-3%,46%,-11%
St. Catharines Transit,"Niagara, CANOntario",-84%,-87%,-86%,-84%,-82%,-79%,-82%,-84%,-85%,-84%,-83%,-84%,-74%,-78%,-80%,-84%,-86%,-86%,-82%,-79%,-80%,-81%,-87%,-87%,-87%,-83%,-78%,-83%,-83%,-88%,-89%,-87%,-88%,-89%,-82%,-92%,-85%,-87%,-86%,-84%,-82%,-84%,-86%,-87%,-86%,-84%,-83%,-80%,-82%,-86%,-87%,-86%,-83%,-81%,-76%,-74%,-75%,-72%,-70%,-63%,-45%,-36%,-34%,-19%,-8%,-6%,-6%,7%,-17%,-1%,0%,4%,3%,2%,12%,11%,5%,5%,3%,3%,6%,36%,-5%,-21%,-23%,-24%,-24%,-5%,-64%,-6%,-6%
Welland Transit,"Niagara, CANOntario",-86%,-84%,-85%,-84%,-81%,-60%,-72%,-87%,-84%,-77%,-79%,-86%,-55%,-79%,-85%,-87%,-87%,-89%,-80%,-83%,-76%,-85%,-96%,-91%,-88%,-82%,-79%,-84%,-87%,-91%,-93%,-94%,-88%,-86%,-79%,-96%,-87%,-90%,-90%,-87%,-82%,-87%,-92%,-90%,-89%,-85%,-84%,-83%,-84%,-90%,-92%,-89%,-87%,-87%,-86%,-78%,-84%,-84%,-84%,-77%,-66%,-65%,-30%,-7%,-8%,5%,-9%,11%,-57%,-1%,17%,5%,12%,11%,24%,-39%,-26%,-35%,-50%,-48%,-37%,0%,-37%,6%,33%,29%,37%,40%,-87%,-34%,-16%
Niagara Falls Transit,"Niagara, CANOntario",-90%,-87%,-85%,-88%,-85%,-85%,-85%,-87%,-86%,-82%,-86%,-84%,-83%,-85%,-82%,-86%,-84%,-89%,-84%,-87%,-84%,-85%,-89%,-85%,-85%,-82%,-84%,-81%,-83%,-88%,-86%,-86%,-86%,-84%,-81%,-89%,-84%,-86%,-86%,-84%,-84%,-84%,-84%,-85%,-84%,-81%,-83%,-83%,-83%,-84%,-84%,-81%,-76%,-72%,-71%,-72%,-69%,-68%,-66%,-57%,-45%,-39%,-29%,-15%,-14%,-8%,-1%,7%,1%,9%,-3%,6%,6%,-1%,12%,18%,-22%,-26%,-36%,-18%,-10%,17%,4%,4%,11%,9%,10%,30%,-17%,41%,-9%
Niagara Region Transit,"Niagara, CANOntario",-88%,-90%,-89%,-87%,-84%,-86%,-85%,-88%,-87%,-86%,-87%,-87%,-77%,-79%,-81%,-85%,-86%,-87%,-83%,-84%,-80%,-83%,-89%,-87%,-88%,-82%,-85%,-80%,-83%,-88%,-89%,-87%,-87%,-89%,-83%,-95%,-85%,-87%,-86%,-84%,-87%,-85%,-87%,-88%,-87%,-85%,-85%,-86%,-84%,-87%,-88%,-86%,-84%,-83%,-82%,-75%,-76%,-71%,-70%,-62%,-48%,-50%,-28%,-13%,-5%,-3%,-4%,-28%,-27%,8%,8%,13%,10%,9%,6%,-9%,7%,2%,-4%,-1%,5%,22%,-27%,-14%,-11%,-11%,-12%,-5%,-85%,-15%,-1%
Lignes d'Azur,"Nice, FRProvence-Alpes-Côte-dAzur",-77%,-77%,-79%,-75%,-81%,-89%,-87%,-92%,-93%,-92%,-94%,-91%,-88%,-89%,-96%,-94%,-91%,-94%,-88%,-83%,-88%,-87%,-88%,-86%,-88%,-87%,-86%,-87%,-88%,-88%,-87%,-86%,-87%,-82%,-87%,-87%,-88%,-88%,-85%,-84%,-83%,-88%,-86%,-85%,-84%,-87%,-85%,-83%,-84%,-87%,-84%,-84%,-77%,-84%,-81%,-82%,-85%,-84%,-83%,-76%,-62%,-33%,-22%,-23%,-17%,-6%,14%,1%,-3%,-8%,-8%,-11%,-8%,-11%,-10%,-7%,-10%,-11%,-13%,-20%,-9%,-2%,16%,-2%,5%,-63%,-1%,12%,13%,29%,21%
TheBus,"Oahu, USHawaii",-73%,-76%,-73%,-74%,-75%,-78%,-74%,-78%,-79%,-78%,-76%,-76%,-76%,-77%,-74%,-79%,-82%,-80%,-75%,-73%,-78%,-77%,-78%,-84%,-81%,-75%,-75%,-78%,-79%,-82%,-80%,-80%,-82%,-81%,-80%,-81%,-79%,-80%,-81%,-77%,-82%,-79%,-76%,-74%,-78%,-79%,-76%,-80%,-80%,-74%,-79%,-77%,-73%,-62%,-67%,-63%,-58%,-52%,-54%,-49%,-35%,-25%,-18%,-12%,-14%,-8%,3%,5%,-11%,-6%,-2%,-5%,-7%,-4%,-2%,-3%,-13%,-6%,0%,-8%,1%,-8%,10%,2%,10%,1%,-3%,7%,-16%,10%,16%
Lynx,"Orlando, USFlorida",-50%,-56%,-56%,-58%,-56%,-63%,-61%,-60%,-59%,-61%,-61%,-59%,-63%,-65%,-62%,-66%,-61%,-62%,-66%,-64%,-62%,-64%,-65%,-60%,-62%,-65%,-62%,-65%,-57%,-62%,-60%,-62%,-58%,-62%,-63%,-55%,-61%,-57%,-60%,-59%,-68%,-62%,-58%,-55%,-52%,-59%,-50%,-59%,-68%,-66%,-55%,-60%,-58%,-48%,-58%,-55%,-39%,-41%,-37%,-32%,-30%,-16%,-13%,-13%,-8%,-1%,-2%,1%,-2%,4%,-10%,-3%,2%,-2%,-5%,2%,1%,-6%,0%,4%,-2%,3%,-4%,-3%,-14%,0%,4%,9%,-4%,4%,0%
OC Transpo,"Ottawa, CANOntario",-81%,-83%,-83%,-83%,-78%,-75%,-77%,-83%,-84%,-83%,-83%,-82%,-75%,-78%,-83%,-85%,-85%,-84%,-81%,-77%,-79%,-83%,-85%,-85%,-86%,-82%,-79%,-81%,-84%,-86%,-87%,-86%,-85%,-83%,-81%,-88%,-86%,-86%,-85%,-84%,-80%,-80%,-86%,-86%,-85%,-84%,-83%,-79%,-80%,-84%,-86%,-85%,-84%,-82%,-70%,-70%,-77%,-77%,-75%,-71%,-60%,-31%,-29%,-20%,-8%,-3%,-2%,-1%,-1%,3%,3%,1%,1%,5%,4%,7%,2%,1%,-9%,3%,3%,15%,2%,-3%,-13%,-11%,13%,1%,-31%,7%,-4%
RATP Bus,"Paris, FRÎle-de-France",-58%,-58%,-57%,-57%,-53%,-65%,-67%,-71%,-65%,-62%,-66%,-65%,-73%,-70%,-77%,-69%,-68%,-70%,-67%,-76%,-74%,-71%,-67%,-67%,-69%,-67%,-76%,-74%,-72%,-70%,-71%,-70%,-75%,-78%,-76%,-72%,-73%,-73%,-72%,-70%,-79%,-78%,-76%,-75%,-74%,-73%,-68%,-80%,-79%,-75%,-73%,-73%,-68%,-69%,-76%,-75%,-70%,-68%,-70%,-58%,-37%,-30%,-25%,-9%,-7%,-4%,-3%,-2%,-9%,-2%,6%,4%,5%,12%,8%,-6%,6%,12%,11%,9%,11%,10%,-2%,-4%,-6%,-3%,-6%,-1%,1%,1%,-6%
RATP Metro,"Paris, FRÎle-de-France",-58%,-56%,-56%,-53%,-50%,-66%,-69%,-70%,-67%,-65%,-67%,-67%,-74%,-73%,-77%,-70%,-71%,-71%,-70%,-77%,-77%,-73%,-68%,-69%,-70%,-71%,-77%,-75%,-70%,-69%,-69%,-72%,-75%,-77%,-77%,-70%,-70%,-69%,-68%,-69%,-78%,-78%,-72%,-72%,-71%,-69%,-68%,-80%,-79%,-72%,-70%,-71%,-67%,-70%,-76%,-76%,-70%,-68%,-70%,-57%,-37%,-32%,-29%,-16%,-12%,-9%,-9%,-9%,-11%,-8%,-2%,-3%,-3%,3%,-3%,-6%,2%,7%,6%,0%,3%,4%,2%,-2%,0%,2%,-1%,4%,4%,4%,-4%
IDF Mobilités - Tramways,"Paris, FRÎle-de-France",-55%,-52%,-53%,-51%,-48%,-59%,-60%,-62%,-59%,-58%,-60%,-61%,-69%,-65%,-71%,-65%,-65%,-67%,-66%,-74%,-73%,-68%,-62%,-63%,-65%,-66%,-74%,-70%,-66%,-65%,-66%,-67%,-70%,-75%,-72%,-67%,-67%,-67%,-66%,-67%,-77%,-76%,-70%,-70%,-69%,-68%,-67%,-78%,-76%,-70%,-68%,-69%,-63%,-66%,-73%,-70%,-66%,-63%,-66%,-52%,-28%,-22%,-18%,-6%,-6%,0%,1%,2%,-4%,2%,7%,4%,8%,12%,5%,1%,10%,12%,9%,7%,7%,4%,4%,1%,-2%,0%,-3%,0%,-1%,1%,-4%
IDF Mobilités - RER & Transiliens,"Paris, FRÎle-de-France",-63%,-62%,-62%,-61%,-58%,-71%,-71%,-74%,-70%,-68%,-71%,-70%,-79%,-74%,-80%,-74%,-74%,-75%,-73%,-81%,-78%,-76%,-72%,-73%,-75%,-74%,-81%,-78%,-76%,-75%,-76%,-75%,-77%,-80%,-80%,-78%,-77%,-78%,-75%,-75%,-82%,-82%,-80%,-79%,-78%,-76%,-74%,-83%,-81%,-79%,-77%,-77%,-72%,-72%,-78%,-77%,-74%,-72%,-73%,-59%,-37%,-31%,-25%,-10%,-9%,-5%,-5%,-6%,-10%,-1%,5%,2%,6%,17%,17%,-9%,6%,11%,6%,6%,13%,17%,-3%,-5%,-8%,-4%,-7%,3%,8%,-2%,-10%
IDF Mobilités - Bus,"Paris, FRÎle-de-France",-72%,-73%,-72%,-71%,-69%,-75%,-79%,-82%,-78%,-75%,-78%,-78%,-83%,-82%,-87%,-81%,-78%,-81%,-79%,-85%,-84%,-83%,-79%,-79%,-81%,-79%,-85%,-83%,-79%,-74%,-75%,-73%,-78%,-81%,-79%,-76%,-76%,-76%,-74%,-74%,-82%,-81%,-79%,-78%,-77%,-75%,-72%,-83%,-81%,-78%,-75%,-76%,-71%,-71%,-78%,-77%,-73%,-71%,-71%,-59%,-36%,-29%,-21%,-4%,-3%,1%,0%,2%,-8%,3%,11%,8%,10%,16%,14%,-6%,9%,17%,14%,13%,13%,12%,-3%,-4%,-6%,-2%,-7%,-2%,-3%,0%,-7%
SEPTA - Bus,"Philadelphia, USPennsylvania",-74%,-75%,-74%,-73%,-73%,-62%,-71%,-76%,-74%,-76%,-71%,-67%,-58%,-62%,-69%,-73%,-70%,-66%,-63%,-59%,-65%,-72%,-71%,-72%,-72%,-66%,-61%,-67%,-70%,-69%,-71%,-69%,-71%,-64%,-65%,-69%,-61%,-62%,-63%,-61%,-52%,-59%,-65%,-66%,-65%,-67%,-63%,-58%,-66%,-66%,-66%,-68%,-62%,-66%,-47%,-50%,-58%,-60%,-59%,-57%,-47%,-24%,-23%,-28%,-14%,-11%,-11%,-2%,-2%,-6%,-10%,-7%,-5%,-10%,-7%,-4%,-6%,0%,-4%,11%,-7%,4%,0%,-3%,-3%,-5%,11%,-2%,-20%,-2%,-3%
SEPTA - Rail,"Philadelphia, USPennsylvania",-71%,-71%,-69%,-64%,-56%,-62%,-68%,-70%,-62%,-57%,-65%,-58%,-55%,-56%,-62%,-63%,-49%,-44%,-54%,-55%,-61%,-68%,-65%,-66%,-65%,-57%,-58%,-63%,-64%,-63%,-65%,-61%,-63%,-58%,-57%,-57%,-48%,-61%,-61%,-59%,-57%,-60%,-64%,-64%,-64%,-65%,-60%,-61%,-64%,-64%,-64%,-64%,-60%,-62%,-49%,-51%,-59%,-59%,-59%,-56%,-45%,-27%,-23%,-28%,-14%,-12%,-11%,-3%,-3%,-5%,-10%,-7%,-7%,-11%,-8%,-4%,-4%,2%,0%,11%,-5%,-1%,1%,0%,-3%,-3%,11%,-9%,-18%,-1%,-4%
PATCO,"Philadelphia, USPennsylvania",-55%,-56%,-55%,-28%,4%,-56%,-60%,-61%,-34%,-8%,-52%,-44%,-49%,-52%,-51%,-39%,32%,7%,-46%,-53%,-56%,-59%,-58%,-55%,-51%,-43%,-53%,-56%,-51%,-48%,-48%,-46%,-52%,-52%,-50%,-41%,-36%,-61%,-58%,-60%,-63%,-66%,-59%,-59%,-56%,-53%,-52%,-62%,-62%,-59%,-59%,-62%,-55%,-60%,-55%,-55%,-56%,-59%,-55%,-51%,-43%,-28%,-28%,-26%,-18%,-17%,-6%,-1%,-1%,-12%,-11%,-9%,-7%,-8%,-8%,-4%,-9%,-1%,-7%,4%,-2%,1%,4%,3%,-1%,-5%,8%,-3%,-9%,0%,4%
Valley Metro,"Phoenix, USArizona",-55%,-59%,-62%,-65%,-62%,-53%,-56%,-62%,-61%,-58%,-61%,-58%,-49%,-57%,-60%,-65%,-66%,-64%,-63%,-52%,-59%,-61%,-62%,-62%,-62%,-58%,-54%,-56%,-63%,-66%,-57%,-59%,-61%,-53%,-59%,-61%,-62%,-66%,-62%,-59%,-52%,-56%,-61%,-58%,-61%,-56%,-53%,-52%,-52%,-58%,-54%,-54%,-54%,-50%,-45%,-44%,-46%,-50%,-48%,-35%,-31%,-18%,-10%,-18%,-22%,-23%,-7%,-10%,-4%,2%,4%,8%,2%,0%,3%,8%,8%,-8%,-1%,2%,0%,13%,3%,-11%,8%,1%,-6%,1%,-5%,1%,-1%
PAAC,"Pittsburgh, USPennsylvania",-59%,-63%,-60%,-62%,-64%,-52%,-59%,-65%,-64%,-66%,-64%,-61%,-53%,-59%,-65%,-67%,-66%,-66%,-61%,-58%,-59%,-65%,-67%,-66%,-65%,-60%,-54%,-61%,-67%,-68%,-65%,-65%,-64%,-61%,-59%,-64%,-66%,-64%,-66%,-61%,-56%,-61%,-62%,-65%,-64%,-66%,-64%,-54%,-65%,-65%,-65%,-66%,-68%,-70%,-59%,-61%,-64%,-60%,-58%,-52%,-43%,-29%,-25%,-24%,-17%,-12%,-11%,-7%,-1%,-4%,-3%,3%,4%,4%,1%,4%,-1%,-2%,0%,2%,2%,4%,3%,2%,-1%,-2%,0%,2%,-5%,0%,-1%
Greater Portland Metro Bus,"Portland, USMaine",-87%,-87%,-87%,-87%,-85%,-77%,-82%,-84%,-86%,-85%,-86%,-84%,-74%,-77%,-88%,-88%,-88%,-87%,-88%,-75%,-80%,-88%,-87%,-88%,-85%,-86%,-69%,-80%,-85%,-86%,-87%,-83%,-88%,-91%,-76%,-80%,-86%,-86%,-84%,-81%,-76%,-80%,-84%,-87%,-83%,-81%,-84%,-72%,-76%,-82%,-81%,-80%,-77%,-75%,-61%,-61%,-68%,-71%,-68%,-66%,-58%,-19%,-10%,-25%,-10%,2%,-10%,5%,-10%,-1%,-7%,-1%,-5%,1%,14%,6%,2%,3%,-7%,6%,8%,41%,-13%,10%,-15%,-12%,8%,-15%,-23%,-4%,0%
TriMet,"Portland, USOregon",-76%,-80%,-81%,-81%,-79%,-72%,-74%,-77%,-81%,-80%,-80%,-80%,-74%,-76%,-79%,-80%,-80%,-81%,-80%,-73%,-76%,-80%,-80%,-82%,-79%,-76%,-71%,-75%,-77%,-80%,-80%,-81%,-78%,-71%,-73%,-77%,-79%,-80%,-78%,-76%,-68%,-73%,-76%,-76%,-77%,-77%,-75%,-70%,-71%,-75%,-76%,-78%,-74%,-71%,-61%,-61%,-63%,-64%,-61%,-56%,-48%,-33%,-33%,-28%,-17%,-12%,-12%,-10%,-9%,-6%,-7%,-4%,-3%,-9%,-3%,3%,-5%,-2%,-4%,-2%,-4%,1%,3%,3%,-1%,1%,1%,-6%,-10%,11%,-5%
RIPTA,"Providence, USRhode Island",-80%,-80%,-81%,-81%,-81%,-68%,-75%,-81%,-83%,-84%,-82%,-81%,-68%,-75%,-82%,-85%,-83%,-84%,-85%,-73%,-75%,-83%,-83%,-84%,-86%,-83%,-73%,-79%,-81%,-83%,-86%,-82%,-87%,-79%,-79%,-80%,-85%,-83%,-83%,-81%,-75%,-78%,-83%,-82%,-81%,-79%,-79%,-73%,-74%,-75%,-77%,-80%,-77%,-75%,-63%,-63%,-68%,-73%,-67%,-66%,-53%,-32%,-32%,-26%,-16%,-23%,-16%,11%,-10%,-3%,-2%,-2%,-7%,-8%,15%,1%,5%,-3%,-1%,-9%,-5%,38%,1%,5%,-4%,-2%,-2%,-14%,-11%,0%,-6%
RTC,"Québec, CANQuebec",-85%,-81%,-81%,-82%,-77%,-86%,-83%,-85%,-84%,-82%,-84%,-83%,-85%,-81%,-88%,-88%,-87%,-87%,-85%,-87%,-84%,-87%,-89%,-88%,-88%,-84%,-87%,-85%,-88%,-89%,-88%,-88%,-89%,-85%,-86%,-89%,-89%,-88%,-88%,-86%,-86%,-85%,-88%,-87%,-85%,-85%,-82%,-78%,-81%,-88%,-89%,-88%,-87%,-85%,-79%,-78%,-82%,-79%,-75%,-67%,-58%,-32%,-23%,-26%,-4%,0%,4%,4%,0%,5%,-2%,3%,7%,4%,-1%,16%,6%,19%,3%,3%,4%,-6%,3%,1%,-10%,0%,23%,10%,7%,8%,-3%
STL Lévis,"Québec, CANQuebec",-86%,-83%,-82%,-85%,-81%,-88%,-84%,-88%,-86%,-84%,-86%,-86%,-86%,-84%,-91%,-90%,-89%,-88%,-86%,-87%,-85%,-89%,-92%,-91%,-92%,-86%,-87%,-87%,-91%,-92%,-92%,-91%,-93%,-87%,-86%,-92%,-92%,-91%,-91%,-90%,-85%,-86%,-90%,-90%,-89%,-89%,-86%,-80%,-81%,-89%,-90%,-90%,-88%,-86%,-79%,-79%,-83%,-79%,-76%,-70%,-59%,-24%,-20%,-29%,-3%,2%,-2%,7%,6%,9%,-1%,1%,4%,2%,-4%,18%,10%,20%,1%,2%,5%,-4%,5%,2%,-9%,-4%,23%,9%,8%,9%,2%
Regina Transit,"Regina, CANSaskatchewan",-78%,-82%,-84%,-81%,-78%,-79%,-73%,-79%,-83%,-80%,-81%,-79%,-77%,-73%,-82%,-81%,-80%,-83%,-80%,-81%,-73%,-79%,-87%,-80%,-81%,-80%,-73%,-71%,-78%,-81%,-82%,-82%,-82%,-77%,-73%,-82%,-84%,-85%,-84%,-81%,-77%,-72%,-82%,-86%,-84%,-82%,-81%,-71%,-67%,-80%,-81%,-80%,-78%,-74%,-65%,-64%,-70%,-67%,-61%,-51%,-37%,-28%,-25%,-9%,-6%,-14%,-4%,-4%,-4%,-5%,-4%,-3%,-9%,1%,5%,3%,5%,12%,8%,9%,9%,25%,-5%,0%,-17%,-20%,-29%,-23%,-48%,-15%,-3%
County Connection,"SF Bay Area, USCalifornia",-79%,-83%,-84%,-83%,-78%,-69%,-65%,-78%,-79%,-78%,-81%,-79%,-68%,-67%,-78%,-82%,-83%,-80%,-82%,-65%,-70%,-80%,-84%,-83%,-83%,-78%,-69%,-73%,-80%,-81%,-82%,-80%,-77%,-65%,-70%,-76%,-74%,-80%,-78%,-75%,-77%,-71%,-75%,-81%,-78%,-80%,-79%,-72%,-70%,-74%,-75%,-80%,-78%,-81%,-73%,-70%,-76%,-81%,-81%,-75%,-66%,-50%,-44%,-36%,-35%,-27%,-22%,-17%,-5%,-17%,-18%,-12%,-4%,-15%,-14%,-1%,3%,-3%,-11%,-1%,3%,14%,4%,18%,-3%,-3%,0%,4%,-27%,1%,9%
SamTrans,"SF Bay Area, USCalifornia",-81%,-84%,-84%,-82%,-81%,-79%,-78%,-82%,-83%,-82%,-83%,-81%,-78%,-80%,-82%,-83%,-85%,-82%,-80%,-81%,-83%,-84%,-85%,-86%,-83%,-81%,-81%,-83%,-83%,-85%,-85%,-84%,-81%,-81%,-81%,-81%,-82%,-80%,-83%,-82%,-81%,-80%,-82%,-82%,-82%,-82%,-77%,-79%,-80%,-81%,-83%,-83%,-81%,-78%,-76%,-78%,-77%,-80%,-80%,-76%,-58%,-48%,-50%,-40%,-36%,-33%,-28%,-24%,-18%,-18%,-14%,-11%,-5%,-7%,-7%,0%,0%,2%,-3%,1%,0%,-1%,4%,5%,-1%,-9%,0%,-2%,-9%,5%,1%
PresidiGo,"SF Bay Area, USCalifornia",-89%,-94%,-93%,-90%,-90%,-87%,-86%,-92%,-92%,-91%,-91%,-90%,-87%,-86%,-92%,-92%,-93%,-91%,-89%,-87%,-88%,-91%,-93%,-91%,-91%,-88%,-86%,-89%,-91%,-91%,-90%,-91%,-86%,-86%,-87%,-88%,-86%,-86%,-88%,-90%,-91%,-90%,-89%,-90%,-90%,-88%,-88%,-93%,-93%,-93%,-93%,-92%,-92%,-91%,-92%,-90%,-93%,-92%,-90%,-86%,-71%,-64%,-67%,-56%,-42%,-39%,-34%,-40%,-30%,-35%,-21%,-18%,-16%,-8%,-17%,-13%,-2%,11%,1%,-3%,3%,-3%,-11%,-7%,7%,-5%,1%,-11%,-8%,6%,4%
BART,"SF Bay Area, USCalifornia",-88%,-89%,-89%,-88%,-87%,-86%,-85%,-88%,-88%,-88%,-88%,-88%,-86%,-87%,-89%,-89%,-90%,-89%,-87%,-86%,-88%,-90%,-90%,-89%,-88%,-87%,-85%,-87%,-88%,-88%,-88%,-88%,-85%,-85%,-85%,-85%,-85%,-86%,-87%,-86%,-85%,-84%,-86%,-86%,-86%,-84%,-83%,-83%,-83%,-85%,-86%,-86%,-85%,-84%,-82%,-82%,-83%,-85%,-85%,-80%,-65%,-52%,-52%,-43%,-39%,-35%,-29%,-24%,-17%,-18%,-12%,-12%,-8%,-9%,-10%,-5%,0%,1%,-1%,1%,1%,2%,0%,4%,1%,-4%,-1%,-5%,-13%,-3%,5%
University of California Berkeley - Bear Transit,"SF Bay Area, USCalifornia",-98%,-98%,-98%,-98%,-97%,-98%,-98%,-98%,-98%,-98%,-98%,-97%,-98%,-98%,-98%,-98%,-98%,-99%,-98%,-98%,-98%,-98%,-98%,-98%,-98%,-97%,-98%,-97%,-98%,-98%,-98%,-98%,-96%,-97%,-97%,-96%,-96%,-97%,-96%,-96%,-96%,-93%,-96%,-96%,-96%,-95%,-95%,-95%,-94%,-95%,-95%,-96%,-95%,-94%,-93%,-91%,-92%,-94%,-93%,-89%,-70%,-51%,-48%,-53%,-50%,-44%,-36%,-23%,-7%,-8%,-3%,-9%,-13%,-8%,-3%,10%,9%,9%,-1%,0%,2%,8%,13%,10%,1%,-5%,-9%,-14%,-23%,-10%,5%
Capitol Corridor,"SF Bay Area, USCalifornia",-92%,-90%,-91%,-91%,-94%,-97%,-93%,-90%,-90%,-90%,-91%,-94%,-98%,-94%,-92%,-92%,-92%,-91%,-93%,-98%,-94%,-93%,-92%,-91%,-90%,-93%,-98%,-93%,-90%,-90%,-90%,-90%,-92%,-97%,-92%,-86%,-83%,-84%,-84%,-88%,-96%,-88%,-81%,-78%,-72%,-72%,-73%,-73%,-80%,-78%,-80%,-84%,-83%,-83%,-82%,-82%,-80%,-84%,-83%,-78%,-63%,-54%,-50%,-38%,-42%,-33%,-26%,-21%,-13%,-17%,-9%,-13%,-8%,-4%,-9%,2%,5%,4%,4%,2%,0%,-11%,-5%,5%,-1%,5%,3%,-1%,-3%,2%,12%
Golden Gate Transit,"SF Bay Area, USCalifornia",-85%,-88%,-89%,-88%,-86%,-80%,-82%,-87%,-88%,-88%,-88%,-86%,-83%,-84%,-88%,-89%,-89%,-88%,-87%,-83%,-85%,-89%,-89%,-88%,-88%,-86%,-81%,-85%,-87%,-89%,-88%,-87%,-86%,-82%,-83%,-85%,-86%,-86%,-88%,-85%,-84%,-85%,-86%,-87%,-87%,-87%,-84%,-83%,-84%,-89%,-90%,-89%,-88%,-88%,-83%,-86%,-86%,-88%,-87%,-83%,-66%,-58%,-58%,-46%,-42%,-36%,-31%,-28%,-29%,-27%,-17%,-14%,-9%,-4%,1%,-7%,-3%,3%,-3%,1%,10%,16%,-5%,-8%,-2%,-7%,-3%,-5%,-21%,-2%,-3%
AC Transit,"SF Bay Area, USCalifornia",-92%,-92%,-93%,-92%,-92%,-89%,-88%,-92%,-93%,-92%,-93%,-93%,-90%,-90%,-93%,-93%,-93%,-92%,-92%,-89%,-89%,-92%,-92%,-92%,-91%,-91%,-87%,-88%,-90%,-91%,-91%,-90%,-88%,-86%,-85%,-86%,-86%,-87%,-87%,-86%,-83%,-81%,-85%,-86%,-86%,-84%,-84%,-80%,-80%,-85%,-85%,-86%,-85%,-85%,-81%,-81%,-84%,-85%,-85%,-81%,-66%,-50%,-48%,-40%,-38%,-33%,-28%,-19%,-11%,-17%,-9%,-10%,-9%,-6%,-3%,-2%,1%,4%,-1%,1%,-1%,11%,1%,3%,0%,-5%,-6%,-6%,-28%,-6%,2%
Caltrain,"SF Bay Area, USCalifornia",-83%,-84%,-83%,-82%,-81%,-77%,-78%,-81%,-82%,-82%,-83%,-82%,-78%,-76%,-82%,-85%,-85%,-84%,-82%,-79%,-79%,-85%,-86%,-85%,-84%,-82%,-77%,-81%,-82%,-85%,-86%,-84%,-82%,-78%,-79%,-82%,-80%,-77%,-77%,-77%,-73%,-72%,-76%,-73%,-73%,-73%,-71%,-71%,-72%,-72%,-74%,-79%,-80%,-79%,-76%,-77%,-80%,-82%,-82%,-76%,-63%,-50%,-49%,-40%,-38%,-34%,-27%,-24%,-18%,-18%,-15%,-9%,-2%,-4%,-3%,-3%,-1%,2%,5%,10%,5%,-4%,-3%,8%,-11%,-4%,-3%,-2%,-21%,0%,4%
MUNI - SFMTA,"SF Bay Area, USCalifornia",-90%,-92%,-92%,-92%,-91%,-88%,-88%,-91%,-92%,-91%,-92%,-91%,-88%,-89%,-91%,-92%,-92%,-91%,-91%,-89%,-90%,-92%,-93%,-92%,-92%,-91%,-89%,-90%,-91%,-92%,-92%,-92%,-91%,-89%,-88%,-88%,-88%,-87%,-89%,-87%,-86%,-85%,-87%,-88%,-88%,-88%,-84%,-83%,-85%,-88%,-89%,-89%,-87%,-87%,-81%,-82%,-85%,-85%,-86%,-82%,-68%,-52%,-54%,-47%,-41%,-36%,-33%,-28%,-21%,-20%,-16%,-12%,-6%,-10%,-7%,-1%,-1%,2%,-1%,-2%,0%,7%,3%,3%,0%,-7%,-1%,-3%,-19%,5%,2%
VTA,"SF Bay Area, USCalifornia",-87%,-89%,-88%,-89%,-88%,-79%,-80%,-88%,-89%,-88%,-88%,-89%,-79%,-80%,-88%,-90%,-90%,-89%,-89%,-78%,-81%,-88%,-89%,-90%,-88%,-88%,-75%,-80%,-86%,-89%,-89%,-89%,-87%,-79%,-78%,-86%,-86%,-85%,-84%,-83%,-75%,-72%,-81%,-82%,-82%,-82%,-79%,-67%,-70%,-77%,-78%,-81%,-80%,-83%,-73%,-73%,-80%,-83%,-83%,-80%,-69%,-46%,-43%,-39%,-39%,-37%,-30%,-20%,-14%,-14%,-12%,-11%,-7%,-5%,-4%,1%,4%,5%,2%,5%,4%,8%,-1%,7%,-9%,-9%,-7%,-7%,-33%,1%,4%
UTA,"Salt Lake City, USUtah",-66%,-73%,-75%,-73%,-77%,-68%,-73%,-73%,-77%,-75%,-75%,-77%,-71%,-73%,-77%,-80%,-76%,-80%,-79%,-73%,-75%,-78%,-82%,-82%,-81%,-79%,-71%,-76%,-79%,-82%,-82%,-80%,-77%,-74%,-74%,-77%,-80%,-76%,-73%,-66%,-59%,-79%,-83%,-84%,-81%,-82%,-80%,-68%,-77%,-79%,-83%,-79%,-69%,-76%,-65%,-65%,-75%,-73%,-66%,-63%,-60%,-45%,-38%,-35%,-31%,-23%,-16%,-18%,-17%,-4%,-12%,-6%,-5%,-2%,3%,-4%,-7%,-8%,0%,-2%,5%,17%,-5%,-8%,0%,-2%,-4%,2%,-24%,-7%,-6%
VIA,"San Antonio, USTexas",-44%,-45%,-40%,-47%,-46%,-46%,-44%,-43%,-39%,-40%,-43%,-39%,-43%,-47%,-44%,-44%,-43%,-47%,-48%,-48%,-54%,-51%,-49%,-43%,-49%,-43%,-40%,-51%,-51%,-45%,-38%,-46%,-45%,-42%,-53%,-46%,-43%,-45%,-40%,-46%,-40%,-58%,-51%,-47%,-42%,-48%,-52%,-42%,-46%,-50%,-48%,-44%,-39%,-36%,-36%,-43%,-46%,-37%,-27%,-22%,-17%,-17%,-17%,-16%,-14%,-9%,-3%,0%,1%,-5%,-1%,9%,-2%,6%,10%,1%,-2%,-3%,-1%,-1%,7%,15%,-3%,-2%,2%,-8%,-6%,-4%,-2%,6%,6%
NCTD,"San Diego, USCalifornia",-79%,-77%,-75%,-79%,-72%,-74%,-74%,-81%,-78%,-80%,-78%,-78%,-77%,-78%,-80%,-80%,-80%,-86%,-79%,-82%,-79%,-83%,-84%,-81%,-78%,-78%,-81%,-81%,-84%,-83%,-83%,-85%,-80%,-77%,-86%,-85%,-87%,-86%,-88%,-87%,-83%,-83%,-79%,-80%,-84%,-82%,-79%,-79%,-80%,-76%,-80%,-82%,-76%,-78%,-71%,-71%,-70%,-70%,-68%,-56%,-45%,-29%,-31%,-32%,-26%,-17%,-23%,4%,13%,1%,-2%,3%,-9%,-1%,4%,17%,12%,-4%,9%,2%,-2%,5%,2%,-14%,7%,7%,-9%,-6%,-4%,38%,6%
MTS,"San Diego, USCalifornia",-74%,-76%,-76%,-77%,-76%,-71%,-73%,-76%,-77%,-77%,-75%,-75%,-72%,-72%,-75%,-78%,-78%,-78%,-75%,-68%,-75%,-78%,-78%,-78%,-79%,-74%,-75%,-77%,-76%,-76%,-79%,-79%,-74%,-76%,-77%,-84%,-82%,-82%,-84%,-80%,-75%,-75%,-75%,-79%,-78%,-78%,-75%,-72%,-75%,-77%,-78%,-78%,-76%,-73%,-66%,-66%,-69%,-68%,-66%,-56%,-45%,-25%,-35%,-27%,-27%,-14%,-23%,-4%,-6%,-4%,-7%,-10%,-4%,-4%,-5%,-6%,3%,-4%,-5%,0%,-2%,2%,0%,-5%,4%,7%,-1%,-2%,-14%,7%,4%
Santa Cruz Metro,"Santa Cruz, USCalifornia",-96%,-92%,-93%,-94%,-92%,-89%,-89%,-91%,-94%,-92%,-93%,-92%,-84%,-85%,-93%,-94%,-94%,-94%,-92%,-85%,-89%,-94%,-95%,-95%,-93%,-93%,-87%,-89%,-92%,-94%,-94%,-93%,-92%,-82%,-88%,-92%,-89%,-87%,-88%,-87%,-75%,-77%,-83%,-84%,-83%,-79%,-77%,-67%,-77%,-83%,-83%,-87%,-83%,-82%,-83%,-79%,-81%,-84%,-85%,-81%,-67%,-56%,-44%,-43%,-49%,-47%,-42%,-18%,-22%,-13%,-8%,-9%,-2%,4%,5%,-9%,-6%,3%,3%,10%,14%,3%,-8%,0%,-7%,-4%,-3%,-8%,-25%,-16%,0%
Saskatoon Transit,"Saskatoon, CANSaskatchewan",-82%,-78%,-79%,-78%,-74%,-66%,-75%,-80%,-78%,-79%,-78%,-80%,-67%,-73%,-79%,-79%,-78%,-78%,-78%,-71%,-72%,-78%,-83%,-80%,-80%,-80%,-71%,-76%,-79%,-85%,-83%,-83%,-84%,-76%,-78%,-85%,-85%,-86%,-85%,-84%,-74%,-79%,-82%,-86%,-86%,-85%,-85%,-72%,-77%,-85%,-86%,-86%,-85%,-82%,-67%,-66%,-76%,-75%,-70%,-64%,-51%,-27%,-29%,-14%,-2%,3%,2%,6%,-12%,-10%,-3%,6%,4%,-2%,4%,-8%,4%,17%,18%,20%,23%,36%,2%,-6%,-37%,-40%,-49%,-48%,-62%,-4%,-9%
Sound Transit,"Seattle, USWashington",-76%,-73%,-69%,-75%,-71%,-47%,-59%,-74%,-71%,-76%,-72%,-70%,-70%,-70%,-74%,-72%,-73%,-73%,-71%,-69%,-61%,-78%,-78%,-75%,-68%,-70%,-68%,-70%,-76%,-76%,-72%,-73%,-68%,-63%,-62%,-69%,-70%,-66%,-67%,-57%,-78%,-75%,-71%,-71%,-69%,-74%,-66%,-72%,-63%,-76%,-74%,-71%,-68%,-68%,-69%,-68%,-75%,-71%,-59%,-59%,-58%,-43%,-45%,-40%,-31%,-24%,-16%,-23%,-10%,-22%,-15%,-17%,-15%,-8%,-10%,37%,5%,3%,-6%,-1%,-6%,-1%,10%,13%,-1%,-1%,-1%,4%,-9%,13%,19%
King County Metro,"Seattle, USWashington",-81%,-81%,-82%,-82%,-81%,-75%,-75%,-80%,-81%,-83%,-82%,-81%,-77%,-80%,-81%,-83%,-82%,-82%,-81%,-74%,-78%,-82%,-83%,-84%,-82%,-80%,-75%,-77%,-82%,-83%,-82%,-82%,-82%,-74%,-77%,-80%,-82%,-80%,-82%,-80%,-75%,-76%,-80%,-80%,-80%,-81%,-80%,-73%,-75%,-79%,-79%,-78%,-72%,-72%,-68%,-66%,-70%,-70%,-69%,-67%,-62%,-47%,-46%,-50%,-49%,-39%,-39%,-35%,-28%,-30%,-30%,-27%,-17%,-14%,-11%,-4%,3%,2%,0%,-1%,-1%,7%,-6%,-5%,-3%,-5%,-3%,9%,-12%,1%,6%
Pierce Transit,"Seattle, USWashington",-80%,-81%,-80%,-81%,-79%,-71%,-73%,-79%,-79%,-81%,-80%,-79%,-74%,-79%,-79%,-80%,-82%,-79%,-78%,-71%,-79%,-82%,-83%,-83%,-79%,-76%,-71%,-76%,-80%,-80%,-80%,-80%,-77%,-71%,-75%,-77%,-79%,-79%,-79%,-73%,-73%,-75%,-76%,-77%,-76%,-77%,-74%,-73%,-72%,-77%,-77%,-75%,-69%,-71%,-67%,-67%,-68%,-69%,-67%,-63%,-60%,-50%,-46%,-44%,-38%,-32%,-29%,-28%,-32%,-31%,-25%,-21%,-14%,-9%,-12%,-9%,-6%,4%,0%,0%,3%,1%,-12%,-8%,-1%,-1%,4%,9%,-10%,0%,1%
Community Transit,"Seattle, USWashington",-85%,-85%,-84%,-85%,-84%,-80%,-79%,-85%,-84%,-86%,-84%,-82%,-82%,-83%,-84%,-85%,-85%,-86%,-83%,-80%,-82%,-86%,-86%,-87%,-85%,-82%,-80%,-81%,-84%,-85%,-85%,-85%,-85%,-81%,-81%,-83%,-85%,-84%,-84%,-82%,-81%,-83%,-85%,-84%,-84%,-83%,-81%,-75%,-77%,-82%,-83%,-80%,-72%,-70%,-69%,-65%,-71%,-74%,-72%,-70%,-62%,-54%,-51%,-56%,-51%,-46%,-45%,-38%,-39%,-38%,-34%,-28%,-19%,-12%,-8%,-12%,-9%,1%,1%,-4%,-3%,2%,-15%,-8%,4%,3%,1%,6%,-11%,-1%,10%
City of Seattle,"Seattle, USWashington",-85%,-85%,-85%,-87%,-84%,-80%,-76%,-85%,-84%,-86%,-84%,-84%,-83%,-87%,-83%,-85%,-86%,-85%,-86%,-81%,-83%,-85%,-87%,-86%,-85%,-80%,-82%,-82%,-84%,-84%,-83%,-83%,-84%,-81%,-81%,-84%,-86%,-82%,-81%,-83%,-87%,-87%,-88%,-84%,-85%,-84%,-82%,-80%,-82%,-83%,-85%,-80%,-74%,-78%,-79%,-75%,-74%,-77%,-76%,-73%,-69%,-56%,-56%,-56%,-55%,-50%,-46%,-44%,-43%,-37%,-38%,-29%,-24%,-14%,-14%,-6%,0%,-1%,3%,-7%,-4%,-12%,-3%,1%,0%,0%,-6%,2%,-16%,10%,14%
STS,"Sherbrooke, CANQuebec",-85%,-83%,-82%,-82%,-77%,-82%,-80%,-84%,-86%,-83%,-88%,-85%,-84%,-79%,-88%,-91%,-89%,-90%,-87%,-87%,-80%,-87%,-90%,-90%,-90%,-87%,-89%,-86%,-90%,-91%,-91%,-90%,-91%,-88%,-85%,-90%,-92%,-91%,-92%,-89%,-88%,-87%,-90%,-92%,-91%,-89%,-90%,-86%,-85%,-91%,-90%,-89%,-88%,-86%,-74%,-77%,-83%,-81%,-76%,-76%,-65%,-31%,-29%,-13%,-3%,2%,3%,5%,-10%,-18%,-36%,-33%,-39%,-34%,-33%,-11%,-6%,15%,20%,11%,16%,13%,2%,4%,-2%,-7%,2%,-4%,6%,7%,3%
Metro Transit St Louis,"St. Louis, USMissouri",-68%,-67%,-68%,-66%,-64%,-62%,-62%,-68%,-65%,-62%,-65%,-64%,-60%,-59%,-64%,-62%,-66%,-63%,-61%,-56%,-65%,-62%,-61%,-61%,-59%,-52%,-46%,-53%,-62%,-59%,-60%,-61%,-56%,-51%,-51%,-58%,-58%,-54%,-56%,-54%,-43%,-48%,-53%,-53%,-52%,-53%,-48%,-41%,-53%,-50%,-47%,-46%,-43%,-42%,-49%,-49%,-46%,-53%,-48%,-41%,-35%,-31%,-34%,-29%,-31%,-23%,-20%,-15%,-12%,-10%,-12%,-5%,-9%,-6%,-3%,-7%,2%,-5%,-6%,-10%,-4%,4%,6%,2%,0%,7%,-2%,-1%,-9%,3%,-4%
CTS,"Strasbourg, FRGrand-Est",-66%,-60%,-61%,-60%,-61%,-70%,-71%,-82%,-73%,-57%,-74%,-74%,-79%,-76%,-96%,-77%,-65%,-78%,-73%,-75%,-78%,-82%,-77%,-68%,-78%,-72%,-73%,-78%,-81%,-78%,-76%,-73%,-80%,-78%,-75%,-82%,-76%,-76%,-77%,-72%,-82%,-82%,-81%,-81%,-81%,-84%,-84%,-84%,-84%,-85%,-84%,-86%,-83%,-78%,-82%,-82%,-80%,-82%,-78%,-77%,-57%,-34%,-31%,-20%,-11%,-10%,-19%,0%,-5%,-4%,0%,-8%,-4%,-2%,-2%,-8%,-6%,-16%,-19%,-14%,-17%,-13%,6%,-1%,-5%,1%,3%,7%,-2%,13%,12%
Hillsborough Area Regional Transit Authority,"Tampa, USFlorida",-64%,-60%,-67%,-61%,-61%,-60%,-47%,-64%,-66%,-64%,-67%,-60%,-64%,-49%,-69%,-72%,-78%,-71%,-72%,-54%,-49%,-71%,-70%,-72%,-71%,-70%,-58%,-61%,-61%,-71%,-71%,-62%,-63%,-55%,-61%,-59%,-56%,-72%,-67%,-57%,-58%,-55%,-56%,-54%,-49%,-63%,-49%,-54%,-60%,-61%,-59%,-55%,-61%,-55%,-40%,-48%,-44%,-41%,-38%,-25%,-19%,-14%,-26%,-10%,-4%,-6%,6%,-4%,-11%,0%,-17%,-7%,-7%,8%,-3%,-24%,-13%,-14%,-2%,-7%,1%,7%,-15%,-7%,-3%,7%,-2%,-3%,-17%,-1%,4%
PSTA,"Tampa, USFlorida",-42%,-46%,-43%,-40%,-42%,-42%,-45%,-49%,-47%,-49%,-45%,-44%,-42%,-52%,-49%,-60%,-56%,-52%,-48%,-45%,-55%,-63%,-56%,-56%,-51%,-52%,-43%,-55%,-46%,-57%,-55%,-52%,-48%,-45%,-51%,-44%,-52%,-53%,-47%,-41%,-49%,-46%,-43%,-41%,-41%,-37%,-31%,-34%,-39%,-43%,-44%,-44%,-37%,-34%,-21%,-24%,-20%,-26%,-25%,-15%,-13%,-5%,4%,-4%,-2%,-2%,6%,1%,-3%,1%,1%,6%,8%,16%,5%,-6%,-2%,-3%,0%,-5%,5%,1%,-8%,-3%,-1%,1%,8%,6%,-5%,1%,-2%
Thunder Bay Transit,"Thunder Bay, CANOntario",-67%,-66%,-63%,-58%,-61%,-64%,-62%,-67%,-66%,-69%,-63%,-67%,-64%,-63%,-67%,-61%,-70%,-70%,-63%,-59%,-65%,-65%,-67%,-67%,-66%,-69%,-57%,-69%,-68%,-74%,-70%,-70%,-76%,-78%,-63%,-84%,-64%,-73%,-69%,-70%,-66%,-68%,-72%,-75%,-64%,-65%,-70%,-56%,-65%,-71%,-68%,-71%,-59%,-65%,-44%,-51%,-54%,-61%,-50%,-48%,-35%,-7%,-7%,1%,7%,6%,14%,-1%,-3%,6%,7%,9%,9%,9%,22%,19%,12%,-4%,-3%,-3%,-11%,17%,9%,6%,-8%,-11%,-9%,6%,-29%,-3%,-1%
Hamilton Street Railway,"Toronto, CANOntario",-77%,-79%,-77%,-77%,-74%,-70%,-75%,-78%,-77%,-77%,-78%,-78%,-71%,-76%,-78%,-78%,-79%,-79%,-77%,-75%,-76%,-78%,-80%,-79%,-79%,-76%,-73%,-77%,-76%,-81%,-80%,-80%,-79%,-78%,-74%,-81%,-78%,-79%,-80%,-77%,-72%,-76%,-78%,-78%,-76%,-77%,-75%,-69%,-74%,-77%,-78%,-77%,-72%,-70%,-63%,-62%,-68%,-64%,-65%,-59%,-51%,-31%,-31%,-20%,-9%,-7%,-6%,-3%,-7%,-4%,-6%,0%,12%,2%,3%,0%,-2%,-2%,-1%,12%,5%,21%,0%,-3%,-19%,-15%,-6%,4%,-41%,-5%,-5%
Brampton Transit,"Toronto, CANOntario",-77%,-78%,-77%,-77%,-73%,-75%,-78%,-78%,-78%,-76%,-77%,-75%,-74%,-76%,-77%,-78%,-77%,-78%,-77%,-76%,-77%,-75%,-79%,-78%,-79%,-75%,-74%,-76%,-73%,-79%,-79%,-77%,-75%,-77%,-77%,-84%,-78%,-79%,-78%,-75%,-71%,-74%,-77%,-76%,-76%,-77%,-74%,-73%,-75%,-76%,-75%,-74%,-65%,-63%,-57%,-60%,-64%,-63%,-60%,-57%,-48%,-29%,-29%,-22%,-12%,-9%,-9%,-5%,-1%,-1%,-5%,-3%,3%,0%,3%,3%,-4%,-10%,-13%,-7%,-3%,19%,13%,7%,-4%,-6%,1%,20%,-36%,8%,0%
MiWay,"Toronto, CANOntario",-78%,-79%,-79%,-77%,-74%,-74%,-78%,-79%,-79%,-78%,-79%,-77%,-74%,-76%,-78%,-79%,-78%,-79%,-78%,-76%,-76%,-76%,-80%,-80%,-80%,-76%,-74%,-77%,-75%,-80%,-80%,-79%,-77%,-80%,-80%,-85%,-80%,-81%,-80%,-78%,-75%,-77%,-79%,-79%,-79%,-79%,-77%,-75%,-77%,-78%,-77%,-76%,-68%,-67%,-63%,-63%,-67%,-66%,-63%,-59%,-51%,-33%,-31%,-23%,-13%,-8%,-7%,-4%,-1%,0%,-4%,-2%,0%,2%,2%,2%,-3%,-9%,-12%,-8%,1%,20%,11%,8%,-2%,-5%,1%,17%,-40%,8%,-1%
TTC - Subway,"Toronto, CANOntario",-82%,-83%,-83%,-83%,-81%,-79%,-82%,-84%,-84%,-83%,-84%,-82%,-78%,-82%,-82%,-81%,-75%,-84%,-82%,-79%,-81%,-82%,-84%,-83%,-84%,-81%,-79%,-82%,-80%,-85%,-85%,-83%,-82%,-83%,-82%,-83%,-83%,-84%,-83%,-81%,-78%,-82%,-82%,-81%,-81%,-81%,-79%,-78%,-82%,-83%,-83%,-82%,-77%,-76%,-70%,-70%,-73%,-70%,-68%,-64%,-52%,-35%,-36%,-30%,-14%,-11%,-10%,-4%,1%,3%,-9%,-1%,-3%,0%,0%,6%,-2%,-9%,-8%,-8%,2%,15%,18%,13%,-4%,-11%,-5%,10%,-21%,11%,-1%
Burlington Transit,"Toronto, CANOntario",-80%,-80%,-78%,-78%,-76%,-74%,-80%,-82%,-78%,-80%,-80%,-80%,-74%,-80%,-81%,-81%,-80%,-81%,-78%,-78%,-82%,-81%,-82%,-80%,-83%,-76%,-76%,-79%,-78%,-83%,-80%,-79%,-77%,-77%,-75%,-80%,-78%,-78%,-79%,-76%,-71%,-77%,-79%,-77%,-76%,-76%,-74%,-72%,-76%,-78%,-77%,-76%,-71%,-67%,-65%,-65%,-67%,-65%,-64%,-58%,-47%,-33%,-35%,-23%,-17%,-10%,-13%,-7%,-9%,-8%,-8%,-2%,3%,1%,2%,-1%,-10%,-9%,-7%,0%,1%,21%,4%,-1%,-10%,-7%,5%,16%,-21%,-2%,-6%
Oakville Transit,"Toronto, CANOntario",-82%,-81%,-82%,-82%,-78%,-74%,-80%,-84%,-82%,-82%,-83%,-79%,-76%,-79%,-82%,-83%,-85%,-82%,-82%,-79%,-81%,-81%,-86%,-85%,-85%,-81%,-78%,-83%,-81%,-86%,-86%,-83%,-81%,-83%,-83%,-88%,-83%,-84%,-82%,-80%,-78%,-83%,-84%,-85%,-82%,-82%,-81%,-78%,-82%,-84%,-84%,-81%,-77%,-74%,-66%,-68%,-75%,-73%,-68%,-62%,-54%,-37%,-34%,-23%,-14%,-5%,-8%,-4%,3%,0%,-2%,-2%,2%,4%,3%,-5%,-6%,-3%,-9%,-5%,5%,23%,9%,5%,-3%,-9%,-1%,15%,-43%,-1%,1%
TTC - Buses & Streetcars,"Toronto, CANOntario",-79%,-80%,-79%,-80%,-76%,-76%,-78%,-80%,-81%,-80%,-81%,-79%,-74%,-78%,-79%,-81%,-81%,-80%,-78%,-75%,-76%,-77%,-80%,-80%,-80%,-77%,-74%,-76%,-75%,-81%,-81%,-79%,-78%,-79%,-77%,-81%,-79%,-80%,-79%,-76%,-73%,-76%,-78%,-77%,-77%,-77%,-73%,-72%,-75%,-77%,-77%,-76%,-68%,-68%,-62%,-62%,-67%,-64%,-61%,-58%,-47%,-29%,-30%,-25%,-12%,-7%,-7%,-2%,1%,2%,-7%,-4%,-1%,2%,2%,4%,-3%,-9%,-7%,-9%,-1%,16%,11%,8%,-2%,-7%,-4%,17%,-31%,9%,-1%
UP Express,"Toronto, CANOntario",-87%,-88%,-87%,-85%,-84%,-83%,-87%,-88%,-86%,-86%,-88%,-84%,-81%,-85%,-81%,-67%,-52%,-87%,-84%,-82%,-84%,-84%,-86%,-85%,-85%,-82%,-83%,-86%,-83%,-86%,-86%,-85%,-83%,-82%,-82%,-80%,-83%,-82%,-81%,-80%,-74%,-80%,-79%,-76%,-74%,-77%,-78%,-77%,-80%,-82%,-81%,-79%,-74%,-74%,-70%,-74%,-74%,-66%,-65%,-62%,-48%,-37%,-39%,-29%,-17%,-8%,-12%,-5%,1%,-1%,-9%,-3%,-6%,-5%,-3%,4%,-7%,-9%,-10%,-5%,3%,11%,22%,16%,4%,-7%,-4%,7%,-11%,12%,4%
GO Transit,"Toronto, CANOntario",-81%,-81%,-80%,-80%,-76%,-76%,-80%,-81%,-81%,-80%,-81%,-79%,-74%,-78%,-80%,-79%,-76%,-81%,-78%,-76%,-78%,-78%,-82%,-81%,-81%,-78%,-75%,-79%,-78%,-83%,-82%,-80%,-79%,-80%,-80%,-85%,-82%,-82%,-82%,-79%,-80%,-83%,-81%,-80%,-80%,-80%,-77%,-75%,-78%,-80%,-80%,-79%,-73%,-70%,-65%,-67%,-72%,-69%,-67%,-63%,-51%,-32%,-32%,-28%,-14%,-10%,-10%,-5%,-1%,0%,-7%,-2%,0%,0%,2%,7%,-1%,-11%,-11%,-7%,0%,16%,14%,8%,-5%,-8%,-1%,12%,-29%,10%,-2%
York Region Transit,"Toronto, CANOntario",-82%,-82%,-82%,-81%,-78%,-79%,-81%,-82%,-82%,-81%,-82%,-81%,-78%,-80%,-80%,-79%,-74%,-82%,-80%,-77%,-78%,-78%,-82%,-81%,-81%,-78%,-76%,-77%,-75%,-82%,-80%,-78%,-77%,-79%,-80%,-84%,-79%,-79%,-78%,-75%,-74%,-76%,-79%,-77%,-78%,-77%,-75%,-75%,-77%,-79%,-77%,-76%,-68%,-67%,-65%,-64%,-69%,-66%,-64%,-61%,-51%,-32%,-31%,-24%,-11%,-6%,-5%,-3%,-2%,3%,-5%,-3%,4%,4%,5%,0%,-2%,-11%,-13%,-5%,1%,22%,8%,8%,-3%,-4%,2%,15%,-40%,4%,-3%
Durham Region Transit,"Toronto, CANOntario",-82%,-83%,-80%,-82%,-76%,-74%,-77%,-81%,-82%,-81%,-81%,-79%,-71%,-76%,-79%,-78%,-74%,-81%,-78%,-74%,-77%,-78%,-83%,-83%,-83%,-80%,-74%,-76%,-80%,-84%,-85%,-83%,-83%,-79%,-76%,-84%,-83%,-84%,-84%,-83%,-73%,-76%,-83%,-82%,-82%,-82%,-81%,-73%,-75%,-81%,-81%,-81%,-76%,-72%,-59%,-61%,-70%,-66%,-66%,-65%,-53%,-26%,-28%,-36%,-12%,-6%,-8%,0%,0%,-1%,-2%,-4%,0%,-3%,3%,3%,-2%,-10%,-15%,-11%,-8%,11%,8%,3%,-4%,-5%,1%,22%,-39%,9%,-3%
STTR,"Trois-Rivières, CANQuebec",-79%,-75%,-74%,-76%,-75%,-77%,-75%,-81%,-79%,-77%,-81%,-80%,-81%,-74%,-83%,-82%,-82%,-81%,-79%,-79%,-76%,-84%,-85%,-84%,-82%,-77%,-77%,-75%,-81%,-84%,-84%,-82%,-84%,-79%,-73%,-83%,-84%,-84%,-84%,-81%,-81%,-70%,-84%,-83%,-82%,-82%,-82%,-76%,-73%,-82%,-82%,-81%,-81%,-78%,-67%,-59%,-71%,-70%,-63%,-61%,-54%,-21%,-2%,-8%,10%,16%,8%,12%,7%,21%,-8%,-7%,-10%,-7%,-2%,23%,23%,12%,-38%,15%,5%,12%,13%,11%,-5%,-11%,29%,4%,13%,12%,12%
C-TRAN,"Vancouver, USWashington",-74%,-80%,-83%,-81%,-73%,-74%,-70%,-76%,-82%,-80%,-79%,-76%,-78%,-74%,-76%,-78%,-80%,-76%,-76%,-69%,-73%,-79%,-79%,-82%,-76%,-74%,-72%,-79%,-78%,-79%,-77%,-78%,-76%,-67%,-71%,-75%,-78%,-79%,-76%,-68%,-61%,-77%,-76%,-75%,-76%,-70%,-73%,-72%,-75%,-73%,-77%,-73%,-66%,-58%,-52%,-50%,-59%,-52%,-44%,-53%,-44%,-37%,-35%,-22%,-10%,-9%,-8%,-15%,-13%,-10%,1%,12%,6%,-8%,-8%,2%,0%,6%,10%,-1%,2%,-5%,-16%,2%,5%,7%,-1%,-11%,-14%,-6%,-14%
TransLink,"Vancouver, CANBritish Columbia",-72%,-74%,-74%,-73%,-67%,-66%,-68%,-68%,-71%,-70%,-71%,-70%,-70%,-74%,-72%,-73%,-73%,-73%,-69%,-71%,-73%,-71%,-71%,-72%,-68%,-67%,-72%,-73%,-73%,-73%,-72%,-72%,-71%,-72%,-73%,-73%,-71%,-71%,-71%,-69%,-74%,-75%,-75%,-73%,-74%,-74%,-73%,-73%,-75%,-75%,-75%,-74%,-70%,-70%,-68%,-65%,-61%,-59%,-55%,-45%,-34%,-27%,-25%,-15%,-8%,-7%,-5%,-4%,-11%,-11%,-1%,-3%,5%,-2%,-3%,-6%,-3%,-1%,-1%,3%,3%,6%,-9%,-4%,-3%,-6%,0%,1%,-17%,-5%,-1%
West Coast Express,"Vancouver, CANBritish Columbia",-80%,-83%,-80%,-80%,-79%,-88%,-81%,-77%,-78%,-78%,-79%,-81%,-85%,-84%,-83%,-80%,-80%,-79%,-78%,-79%,-76%,-79%,-77%,-78%,-77%,-81%,-89%,-84%,-84%,-83%,-80%,-82%,-81%,-86%,-90%,-86%,-79%,-81%,-81%,-80%,-76%,-79%,-79%,-81%,-84%,-85%,-83%,-72%,-82%,-85%,-85%,-82%,-80%,-74%,-61%,-71%,-70%,-64%,-55%,-39%,-24%,-56%,-32%,-14%,1%,-9%,-2%,18%,-5%,-23%,-10%,-2%,4%,4%,-1%,-25%,-23%,-1%,3%,5%,18%,20%,-39%,-13%,-2%,0%,5%,-27%,-69%,-28%,2%
BC Transit,"Victoria, CANBritish Columbia",-74%,-77%,-77%,-77%,-76%,-77%,-78%,-78%,-78%,-78%,-77%,-78%,-79%,-81%,-79%,-79%,-80%,-79%,-77%,-81%,-81%,-81%,-78%,-82%,-79%,-77%,-80%,-81%,-81%,-81%,-81%,-80%,-81%,-81%,-82%,-82%,-81%,-82%,-82%,-80%,-83%,-82%,-82%,-83%,-82%,-81%,-82%,-81%,-82%,-81%,-81%,-79%,-79%,-76%,-75%,-70%,-66%,-60%,-51%,-43%,-31%,-22%,-22%,-10%,-4%,1%,0%,-2%,-10%,-10%,2%,5%,9%,6%,4%,0%,2%,8%,11%,12%,7%,10%,-8%,-4%,-12%,-12%,-4%,8%,-20%,-6%,-1%
Montgomery County Transit,"Washington D.C., USDistrict of Columbia",-81%,-82%,-81%,-81%,-81%,-78%,-79%,-83%,-81%,-83%,-81%,-78%,-77%,-77%,-81%,-86%,-81%,-82%,-79%,-79%,-78%,-82%,-83%,-83%,-82%,-80%,-80%,-80%,-79%,-82%,-82%,-82%,-83%,-79%,-79%,-80%,-81%,-80%,-79%,-74%,-74%,-75%,-76%,-77%,-76%,-74%,-63%,-62%,-66%,-63%,-61%,-68%,-54%,-56%,-41%,-42%,-36%,-28%,-30%,-31%,-20%,-22%,-19%,-13%,-10%,-5%,-7%,-1%,2%,-3%,-4%,-2%,3%,-5%,-1%,4%,0%,7%,-6%,11%,-10%,-3%,3%,1%,-7%,-7%,11%,-2%,2%,4%,-2%
WMATA,"Washington D.C., USDistrict of Columbia",-77%,-78%,-77%,-78%,-78%,-74%,-77%,-79%,-78%,-80%,-78%,-75%,-75%,-74%,-77%,-83%,-78%,-79%,-77%,-77%,-76%,-78%,-79%,-78%,-79%,-76%,-76%,-77%,-75%,-79%,-79%,-79%,-78%,-77%,-76%,-76%,-78%,-77%,-76%,-71%,-73%,-73%,-73%,-75%,-73%,-72%,-63%,-63%,-66%,-65%,-65%,-69%,-59%,-61%,-50%,-49%,-47%,-43%,-34%,-32%,-18%,-25%,-22%,-15%,-13%,-8%,-8%,-4%,-3%,-6%,-2%,-3%,0%,-4%,-2%,1%,-5%,3%,-3%,11%,-6%,1%,0%,-3%,-5%,-5%,8%,-3%,-7%,-1%,-5%
DC Circulator,"Washington D.C., USDistrict of Columbia",-78%,-79%,-78%,-79%,-79%,-81%,-81%,-80%,-81%,-82%,-79%,-78%,-82%,-78%,-80%,-84%,-79%,-80%,-81%,-84%,-80%,-82%,-81%,-81%,-80%,-80%,-83%,-81%,-77%,-80%,-81%,-80%,-82%,-84%,-80%,-78%,-80%,-77%,-74%,-75%,-82%,-79%,-76%,-77%,-74%,-73%,-70%,-73%,-71%,-65%,-67%,-64%,-56%,-62%,-58%,-51%,-43%,-40%,-28%,-29%,-23%,-35%,-31%,-25%,-20%,-11%,-9%,-4%,0%,-5%,-3%,0%,-1%,-5%,-3%,-1%,-4%,3%,5%,8%,-1%,-4%,-4%,-1%,-7%,-4%,4%,-10%,-11%,-3%,-6%
Fairfax Connector,"Washington D.C., USVirginia",-62%,-64%,-63%,-64%,-65%,-61%,-65%,-65%,-66%,-67%,-65%,-60%,-64%,-62%,-66%,-74%,-69%,-71%,-68%,-67%,-67%,-68%,-70%,-68%,-69%,-66%,-65%,-66%,-64%,-69%,-68%,-65%,-65%,-66%,-65%,-61%,-65%,-62%,-63%,-59%,-63%,-59%,-57%,-63%,-58%,-55%,-52%,-56%,-56%,-49%,-49%,-55%,-44%,-48%,-46%,-41%,-32%,-23%,-15%,-21%,-14%,-23%,-15%,-16%,-9%,-9%,-9%,-6%,-5%,-1%,-2%,-3%,2%,-3%,-3%,0%,-3%,2%,-2%,10%,-8%,-2%,-1%,-3%,-1%,0%,8%,-3%,-1%,-1%,-2%
BC Transit,"Whistler, CANBritish Columbia",-83%,-82%,-81%,-81%,-84%,-84%,-85%,-83%,-81%,-83%,-83%,-82%,-84%,-85%,-82%,-82%,-82%,-84%,-84%,-85%,-86%,-86%,-84%,-86%,-84%,-85%,-88%,-86%,-85%,-84%,-86%,-87%,-85%,-89%,-86%,-87%,-86%,-86%,-86%,-84%,-88%,-85%,-86%,-86%,-83%,-79%,-79%,-83%,-78%,-71%,-78%,-78%,-76%,-75%,-72%,-65%,-58%,-55%,-47%,-30%,-22%,-12%,-7%,-2%,-2%,0%,-3%,-8%,-6%,0%,7%,7%,-1%,-1%,-2%,7%,0%,-1%,-5%,2%,-3%,1%,6%,6%,6%,3%,3%,5%,3%,0%,-1%
Transit Windsor,"Windsor, CANOntario",-79%,-82%,-79%,-77%,-75%,-73%,-74%,-78%,-77%,-77%,-74%,-69%,-65%,-77%,-85%,-90%,-91%,-90%,-90%,-89%,-89%,-90%,-93%,-92%,-90%,-89%,-85%,-88%,-91%,-93%,-92%,-92%,-90%,-87%,-90%,-91%,-91%,-91%,-92%,-90%,-83%,-87%,-90%,-91%,-90%,-89%,-85%,-71%,-70%,-75%,-78%,-75%,-72%,-71%,-59%,-60%,-61%,-62%,-59%,-55%,-39%,-19%,-17%,-9%,-8%,-3%,-1%,-1%,8%,10%,-2%,2%,8%,7%,2%,18%,5%,0%,-6%,-4%,1%,11%,20%,5%,-14%,-13%,0%,-1%,-23%,15%,3%
Winnipeg Transit,"Winnipeg, CANManitoba",-75%,-75%,-77%,-75%,-69%,-67%,-70%,-74%,-73%,-73%,-73%,-69%,-68%,-73%,-78%,-77%,-77%,-77%,-76%,-66%,-74%,-72%,-79%,-79%,-79%,-77%,-67%,-74%,-76%,-81%,-80%,-79%,-77%,-69%,-75%,-83%,-80%,-82%,-81%,-81%,-71%,-75%,-79%,-81%,-80%,-79%,-79%,-68%,-70%,-76%,-79%,-78%,-77%,-73%,-61%,-64%,-65%,-64%,-60%,-51%,-40%,-21%,-26%,-18%,-9%,-5%,-6%,-2%,3%,2%,1%,2%,1%,-1%,-1%,8%,1%,1%,3%,10%,0%,19%,8%,6%,-9%,-12%,-13%,-12%,-40%,9%,0%
Worcester RTA,"Worcester, USMassachusetts",-75%,-70%,-78%,-76%,-76%,-71%,-87%,-74%,-78%,-78%,-68%,-74%,-71%,-69%,-76%,-80%,-74%,-67%,-74%,-73%,-68%,-75%,-79%,-77%,-73%,-75%,-54%,-79%,-74%,-74%,-70%,-67%,-76%,-63%,-65%,-67%,-78%,-74%,-69%,-72%,-57%,-67%,-77%,-76%,-72%,-69%,-71%,-70%,-67%,-71%,-67%,-65%,-71%,-73%,-48%,-51%,-64%,-61%,-63%,-50%,-47%,-31%,-31%,-38%,-20%,-21%,-26%,-7%,-11%,4%,-11%,0%,-12%,-2%,5%,3%,12%,-7%,7%,-2%,-5%,27%,5%,22%,-19%,-7%,-5%,1%,-13%,-2%,-7%
Worcester RTA,"Worcester, USMassachusetts",-55%,-75%,-80%,-74%,-67%,-74%,-73%,-68%,-75%,-79%,-78%,-73%,-75%,-54%,-79%,-74%,-74%,-70%,-67%,-76%,-63%,-65%,-67%,-78%,-74%,-69%,-72%,-57%,-67%,-77%,-76%,-72%,-69%,-71%,-70%,-67%,-71%,-67%,-65%,-71%,-73%,-48%,-51%,-64%,-61%,-63%,-50%,-47%,-31%,-31%,-38%,-20%,-21%,-26%,-7%,-11%,4%,-11%,0%,-12%,-2%,5%,3%,12%,-7%,7%,-2%,-5%,27%,5%,22%,-19%,-7%,-5%,1%,-13%,-2%,-7%,,,,,,,,,,,,,
